CREATE DATABASE  IF NOT EXISTS `smartlettuce` /*!40100 DEFAULT CHARACTER SET utf8mb4 COLLATE utf8mb4_0900_ai_ci */ /*!80016 DEFAULT ENCRYPTION='N' */;
USE `smartlettuce`;
-- MySQL dump 10.13  Distrib 8.0.38, for Win64 (x86_64)
--
-- Host: 127.0.0.1    Database: smartlettuce
-- ------------------------------------------------------
-- Server version	8.0.39

/*!40101 SET @OLD_CHARACTER_SET_CLIENT=@@CHARACTER_SET_CLIENT */;
/*!40101 SET @OLD_CHARACTER_SET_RESULTS=@@CHARACTER_SET_RESULTS */;
/*!40101 SET @OLD_COLLATION_CONNECTION=@@COLLATION_CONNECTION */;
/*!50503 SET NAMES utf8 */;
/*!40103 SET @OLD_TIME_ZONE=@@TIME_ZONE */;
/*!40103 SET TIME_ZONE='+00:00' */;
/*!40014 SET @OLD_UNIQUE_CHECKS=@@UNIQUE_CHECKS, UNIQUE_CHECKS=0 */;
/*!40014 SET @OLD_FOREIGN_KEY_CHECKS=@@FOREIGN_KEY_CHECKS, FOREIGN_KEY_CHECKS=0 */;
/*!40101 SET @OLD_SQL_MODE=@@SQL_MODE, SQL_MODE='NO_AUTO_VALUE_ON_ZERO' */;
/*!40111 SET @OLD_SQL_NOTES=@@SQL_NOTES, SQL_NOTES=0 */;

--
-- Table structure for table `tb_devices`
--

DROP TABLE IF EXISTS `tb_devices`;
/*!40101 SET @saved_cs_client     = @@character_set_client */;
/*!50503 SET character_set_client = utf8mb4 */;
CREATE TABLE `tb_devices` (
  `id` int NOT NULL AUTO_INCREMENT,
  `lat` varchar(255) DEFAULT NULL,
  `name` varchar(255) NOT NULL,
  `lon` varchar(255) DEFAULT NULL,
  `user_id` int NOT NULL DEFAULT '3',
  PRIMARY KEY (`id`),
  KEY `fk_user_device` (`user_id`),
  CONSTRAINT `fk_user_device` FOREIGN KEY (`user_id`) REFERENCES `tb_users` (`id`)
) ENGINE=InnoDB AUTO_INCREMENT=12 DEFAULT CHARSET=utf8mb4 COLLATE=utf8mb4_0900_ai_ci;
/*!40101 SET character_set_client = @saved_cs_client */;

--
-- Dumping data for table `tb_devices`
--

LOCK TABLES `tb_devices` WRITE;
/*!40000 ALTER TABLE `tb_devices` DISABLE KEYS */;
INSERT INTO `tb_devices` VALUES (1,'1','teste','1',3),(2,'24','Sensor Teste - Laboratório','69',3),(7,'-26.479990','Sensor Real - Casa','-49.038153',3),(8,'1','teste','1',3);
/*!40000 ALTER TABLE `tb_devices` ENABLE KEYS */;
UNLOCK TABLES;

--
-- Table structure for table `tb_events`
--

DROP TABLE IF EXISTS `tb_events`;
/*!40101 SET @saved_cs_client     = @@character_set_client */;
/*!50503 SET character_set_client = utf8mb4 */;
CREATE TABLE `tb_events` (
  `desc` varchar(255) NOT NULL,
  `level` enum('critical','warning','info') NOT NULL,
  `gene_by_ia` int NOT NULL,
  `device_id` int NOT NULL,
  `measure` float DEFAULT NULL,
  `created_at` timestamp NULL DEFAULT NULL,
  PRIMARY KEY (`desc`,`device_id`),
  KEY `fk_device` (`device_id`),
  CONSTRAINT `fk_device` FOREIGN KEY (`device_id`) REFERENCES `tb_devices` (`id`) ON DELETE CASCADE ON UPDATE CASCADE
) ENGINE=InnoDB DEFAULT CHARSET=utf8mb4 COLLATE=utf8mb4_0900_ai_ci;
/*!40101 SET character_set_client = @saved_cs_client */;

--
-- Dumping data for table `tb_events`
--

LOCK TABLES `tb_events` WRITE;
/*!40000 ALTER TABLE `tb_events` DISABLE KEYS */;
INSERT INTO `tb_events` VALUES ('Calcário (Óxido de cálcio, calcário dolomítico) - Corrigir baixo pH','warning',1,2,5.50961,'2024-12-08 14:49:46'),('Enxofre Elementar (Sulfato de ferro ou enxofre elementar) - Corrigir alto pH','warning',1,7,NULL,'2024-12-04 03:38:24'),('Evitar adubos ricos em Fósforo (Excesso detectado)','warning',1,7,NULL,'2024-12-04 03:22:06'),('Temperatura baixa... As plantas estão tremendo! ⚠️','warning',0,2,18.4138,'2024-12-08 14:48:32'),('Umidade muito baixa! ? As plantas estão ressecando!','critical',0,2,52,'2024-12-07 23:58:06'),('Umidade muito baixa! ? As plantas estão ressecando!','critical',0,7,33.2,'2024-12-08 14:48:33'),('Umidade no limite! ? Atenção para evitar fungos.','warning',0,2,67.972,'2024-12-08 14:48:32');
/*!40000 ALTER TABLE `tb_events` ENABLE KEYS */;
UNLOCK TABLES;

--
-- Table structure for table `tb_measures`
--

DROP TABLE IF EXISTS `tb_measures`;
/*!40101 SET @saved_cs_client     = @@character_set_client */;
/*!50503 SET character_set_client = utf8mb4 */;
CREATE TABLE `tb_measures` (
  `id` int NOT NULL AUTO_INCREMENT,
  `Nitrogen` float NOT NULL,
  `Phosphorus` float NOT NULL,
  `Potassium` float NOT NULL,
  `pH` float NOT NULL,
  `Conductivity` float NOT NULL,
  `Temperature` float NOT NULL,
  `Humidity` float NOT NULL,
  `Salinity` float NOT NULL,
  `TDS` float NOT NULL,
  `device_id` int NOT NULL,
  `created_at` timestamp NULL DEFAULT CURRENT_TIMESTAMP,
  PRIMARY KEY (`id`),
  KEY `device_id` (`device_id`),
  CONSTRAINT `tb_measures_ibfk_1` FOREIGN KEY (`device_id`) REFERENCES `tb_devices` (`id`) ON DELETE CASCADE ON UPDATE CASCADE
) ENGINE=InnoDB AUTO_INCREMENT=1522 DEFAULT CHARSET=utf8mb4 COLLATE=utf8mb4_0900_ai_ci;
/*!40101 SET character_set_client = @saved_cs_client */;

--
-- Dumping data for table `tb_measures`
--

LOCK TABLES `tb_measures` WRITE;
/*!40000 ALTER TABLE `tb_measures` DISABLE KEYS */;
INSERT INTO `tb_measures` VALUES (1,73.6218,30.7945,72.632,6.59162,2.43331,22.4122,77.2758,0,0,2,'2024-10-26 23:23:00'),(2,86.2719,45.3707,147.233,6.17504,2.19872,16.1582,51.6166,0,0,2,'2024-10-27 00:23:00'),(3,26.5858,12.2496,113.135,6.19676,1.87955,19.0297,67.9718,0,0,2,'2024-10-27 01:23:00'),(4,42.5472,16.272,134.35,6.65807,0.53205,19.0528,75.5604,0,0,2,'2024-10-27 02:23:00'),(5,52.2056,31.8477,136.055,5.97909,0.716161,28.5407,79.4814,0,0,2,'2024-10-27 03:23:00'),(6,52.4518,45.9122,72.6475,6.38631,0.784802,29.8759,54.8058,0,0,2,'2024-10-27 04:23:00'),(7,12.0081,27.2062,137.344,5.50123,2.18796,25.033,89.5748,0,0,2,'2024-10-27 05:23:00'),(8,10.7071,40.6368,61.0603,6.39714,1.78421,28.1098,85.1922,0,0,2,'2024-10-27 06:23:00'),(9,94.7635,21.1561,52.8946,7.20772,2.1232,24.3438,59.2844,0,0,2,'2024-10-27 07:23:00'),(10,52.8478,49.4972,74.3828,6.44883,0.747842,22.849,89.3975,0,0,2,'2024-10-27 08:23:00'),(11,50.6199,6.59132,61.3626,7.48951,1.29265,27.6228,59.8027,0,0,2,'2024-10-27 09:23:00'),(12,26.9602,27.4131,97.7079,6.30666,1.65352,23.2812,66.2587,0,0,2,'2024-10-27 10:23:00'),(13,26.4514,9.50656,102.705,6.15803,1.50186,27.7353,88.1125,0,0,2,'2024-10-27 11:23:00'),(14,55.3108,18.9586,54.0369,6.89679,1.79556,28.6437,80.6176,0,0,2,'2024-10-27 12:23:00'),(15,71.5828,18.2826,68.6879,7.47754,1.00121,24.1584,69.4406,0,0,2,'2024-10-27 13:23:00'),(16,46.3082,20.9467,108.907,6.38365,1.37617,19.7605,63.3042,0,0,2,'2024-10-27 14:23:00'),(17,27.4487,36.7112,100.199,6.40522,0.560915,21.0872,68.2072,0,0,2,'2024-10-27 15:23:00'),(18,44.0215,5.73657,78.0113,6.87778,1.88329,21.378,62.2348,0,0,2,'2024-10-27 16:23:00'),(19,98.0606,8.3079,61.7512,7.36387,2.0472,25.4043,88.3788,0,0,2,'2024-10-27 17:23:00'),(20,82.1597,15.3304,82.4183,6.33407,1.51945,23.7434,70.3778,0,0,2,'2024-10-27 18:23:00'),(21,42.2989,18.7691,107.187,6.53743,0.996318,20.5481,50.294,0,0,2,'2024-10-27 19:23:00'),(22,35.3854,18.3544,56.0651,6.91109,0.75825,21.8823,83.8833,0,0,2,'2024-10-27 20:23:00'),(23,76.6374,12.8639,86.4516,6.63261,0.97316,28.6641,80.2013,0,0,2,'2024-10-27 21:23:00'),(24,98.1352,42.401,76.0406,6.3133,1.24154,17.237,51.7167,0,0,2,'2024-10-27 22:23:00'),(25,24.376,11.9842,132.517,5.78564,2.02371,23.8103,89.3461,0,0,2,'2024-10-27 23:23:00'),(26,92.0688,35.906,58.7125,6.19889,1.54818,19.9169,58.2508,0,0,2,'2024-10-28 00:23:00'),(27,81.2823,12.3949,85.7836,7.48059,1.11778,21.7799,51.8697,0,0,2,'2024-10-28 01:23:00'),(28,65.402,39.2328,93.7699,7.36089,2.1986,19.563,84.9239,0,0,2,'2024-10-28 02:23:00'),(29,80.2126,43.922,89.055,6.5998,1.81384,22.0879,86.8689,0,0,2,'2024-10-28 03:23:00'),(30,41.3683,45.9495,100.055,6.18521,2.08529,23.1223,71.3697,0,0,2,'2024-10-28 04:23:00'),(31,19.4402,26.2774,104.17,6.95181,0.930085,18.3931,67.8671,0,0,2,'2024-10-28 05:23:00'),(32,65.8364,25.7468,121.65,6.30443,0.510014,19.0203,60.2997,0,0,2,'2024-10-28 06:23:00'),(33,54.7481,40.2036,104.742,5.99972,1.2053,23.5678,84.5986,0,0,2,'2024-10-28 07:23:00'),(34,74.8363,30.4299,106.999,5.69476,1.79256,16.7355,72.4726,0,0,2,'2024-10-28 08:23:00'),(35,47.9204,41.8721,56.441,6.23792,0.888592,17.3836,55.668,0,0,2,'2024-10-28 09:23:00'),(36,84.4632,23.2685,90.6693,6.66933,1.46316,21.6382,53.1315,0,0,2,'2024-10-28 10:23:00'),(37,46.5281,21.717,109.304,7.40877,1.63777,23.4447,60.7254,0,0,2,'2024-10-28 11:23:00'),(38,84.8247,45.2653,82.488,5.95895,1.67584,15.3013,55.6202,0,0,2,'2024-10-28 12:23:00'),(39,72.5507,24.2126,133.083,6.4814,2.47329,26.1587,82.8546,0,0,2,'2024-10-28 13:23:00'),(40,45.381,30.333,106.133,6.41577,1.90904,21.5253,82.1278,0,0,2,'2024-10-28 14:23:00'),(41,47.8305,6.30014,102.017,7.07663,1.25481,28.5289,82.8629,0,0,2,'2024-10-28 15:23:00'),(42,21.6026,16.9689,77.6132,6.69756,2.47707,24.3949,55.9094,0,0,2,'2024-10-28 16:23:00'),(43,66.4465,10.5969,119.657,7.02714,2.01394,18.4606,51.1105,0,0,2,'2024-10-28 17:23:00'),(44,96.4161,20.5283,131.295,6.5703,0.79524,19.3452,81.357,0,0,2,'2024-10-28 18:23:00'),(45,73.302,6.89707,142.822,7.13295,1.62375,23.8546,80.4072,0,0,2,'2024-10-28 19:23:00'),(46,10.6679,43.5252,95.708,6.41244,1.01466,20.041,80.2068,0,0,2,'2024-10-28 20:23:00'),(47,47.3098,48.2655,93.1022,7.38139,0.98005,20.807,65.5823,0,0,2,'2024-10-28 21:23:00'),(48,14.9398,38.673,97.8824,6.47281,1.25904,15.4914,56.0124,0,0,2,'2024-10-28 22:23:00'),(49,86.3283,49.3946,148.098,6.18348,2.36639,25.0667,64.5405,0,0,2,'2024-10-28 23:23:00'),(50,29.684,11.4977,104.519,7.34586,1.84973,16.5595,52.1667,0,0,2,'2024-10-29 00:23:00'),(51,72.6932,29.9594,75.5099,5.98306,2.1062,19.6219,86.7242,0,0,2,'2024-10-29 01:23:00'),(52,22.5485,31.2221,115.587,6.16477,1.42864,24.0562,78.6045,0,0,2,'2024-10-29 02:23:00'),(53,90.8494,35.1682,106.642,6.65217,0.947442,16.606,55.7129,0,0,2,'2024-10-29 03:23:00'),(54,49.0212,36.2696,75.4179,7.42006,1.30977,21.729,60.0465,0,0,2,'2024-10-29 04:23:00'),(55,93.3668,33.9409,69.4208,6.32221,0.69062,15.4732,60.0307,0,0,2,'2024-10-29 05:23:00'),(56,90.9125,27.0775,73.1851,7.29883,2.47309,18.4452,61.4114,0,0,2,'2024-10-29 06:23:00'),(57,24.821,37.1119,130.161,7.15626,1.47173,17.4731,78.568,0,0,2,'2024-10-29 07:23:00'),(58,17.2758,8.23542,53.8483,6.49867,0.602424,21.6492,79.2517,0,0,2,'2024-10-29 08:23:00'),(59,25.4096,34.5602,103.485,7.1338,0.708555,29.7138,88.0257,0,0,2,'2024-10-29 09:23:00'),(60,43.7686,29.7566,85.8168,7.33377,1.07454,15.1345,80.1022,0,0,2,'2024-10-29 10:23:00'),(61,31.8203,9.28274,104.005,6.56136,2.17657,18.8285,64.9018,0,0,2,'2024-10-29 11:23:00'),(62,69.5482,24.1172,86.8081,6.8091,1.90271,29.4016,54.0371,0,0,2,'2024-10-29 12:23:00'),(63,20.0371,45.1132,78.6392,6.9223,0.880033,22.9569,54.9135,0,0,2,'2024-10-29 13:23:00'),(64,71.1335,25.7227,143.075,6.65247,1.59247,25.7642,69.2859,0,0,2,'2024-10-29 14:23:00'),(65,65.6206,10.9054,61.1296,6.02295,1.75152,16.2787,51.4384,0,0,2,'2024-10-29 15:23:00'),(66,12.378,32.3853,50.1379,7.17529,2.28632,24.8107,83.1265,0,0,2,'2024-10-29 16:23:00'),(67,61.1627,34.171,81.338,7.47384,0.711247,23.1297,77.408,0,0,2,'2024-10-29 17:23:00'),(68,73.2859,20.6361,72.0847,6.28569,2.37193,25.205,80.5767,0,0,2,'2024-10-29 18:23:00'),(69,15.0335,41.5925,97.8955,6.63518,1.58495,21.0008,80.8545,0,0,2,'2024-10-29 19:23:00'),(70,86.6853,48.658,129.583,5.57228,0.720167,23.2652,50.4908,0,0,2,'2024-10-29 20:23:00'),(71,59.3731,7.67934,146.128,6.8179,2.13285,27.3912,78.2748,0,0,2,'2024-10-29 21:23:00'),(72,24.9635,33.9175,56.6248,5.86413,0.541081,26.9487,71.8465,0,0,2,'2024-10-29 22:23:00'),(73,33.74,9.39058,130.008,7.18,1.14507,25.4409,82.4534,0,0,2,'2024-10-29 23:23:00'),(74,42.2696,30.2965,142.436,6.31932,2.38073,29.8242,56.0713,0,0,2,'2024-10-30 00:23:00'),(75,33.7994,28.08,142.889,7.0483,0.602781,19.5753,51.298,0,0,2,'2024-10-30 01:23:00'),(76,64.9633,29.0156,62.1035,6.78907,0.616316,18.8669,58.4095,0,0,2,'2024-10-30 02:23:00'),(77,67.8729,49.1479,104.387,5.67611,1.73988,25.7988,71.8041,0,0,2,'2024-10-30 03:23:00'),(78,93.1502,33.7578,125.26,5.80657,2.00814,16.228,54.8956,0,0,2,'2024-10-30 04:23:00'),(79,15.6945,48.7528,87.5401,5.92474,1.42729,25.7945,76.7093,0,0,2,'2024-10-30 05:23:00'),(80,26.0518,35.3619,121.307,6.94546,1.46582,18.8264,70.6486,0,0,2,'2024-10-30 06:23:00'),(81,57.4237,31.7519,147.648,6.98205,1.70398,16.9398,50.458,0,0,2,'2024-10-30 07:23:00'),(82,51.2571,31.6411,78.9332,6.20514,0.719341,25.0739,60.6199,0,0,2,'2024-10-30 08:23:00'),(83,95.8819,48.0132,83.7089,5.98779,1.42893,18.0555,61.1993,0,0,2,'2024-10-30 09:23:00'),(84,84.9971,6.09766,68.3222,6.23534,1.97435,16.2983,72.7867,0,0,2,'2024-10-30 10:23:00'),(85,67.3085,6.68151,53.4743,6.65012,1.8209,22.8469,54.3136,0,0,2,'2024-10-30 11:23:00'),(86,36.4405,32.587,94.3698,6.70405,0.77103,17.0424,68.7824,0,0,2,'2024-10-30 12:23:00'),(87,60.7616,19.8913,58.1294,6.097,0.882714,28.2867,65.8997,0,0,2,'2024-10-30 13:23:00'),(88,79.9655,31.9661,106.971,6.74672,1.88541,17.7501,73.3123,0,0,2,'2024-10-30 14:23:00'),(89,43.1359,16.1313,85.7877,7.16002,2.32427,22.9455,80.0772,0,0,2,'2024-10-30 15:23:00'),(90,77.5904,10.7974,124.319,7.49502,1.60173,27.7709,83.4608,0,0,2,'2024-10-30 16:23:00'),(91,76.0895,32.6836,134.413,6.10992,1.73518,22.808,51.5026,0,0,2,'2024-10-30 17:23:00'),(92,62.2105,30.6081,74.5393,5.82486,0.705415,25.2925,73.8036,0,0,2,'2024-10-30 18:23:00'),(93,88.5686,5.9778,127.781,7.0452,1.72053,27.1464,65.2435,0,0,2,'2024-10-30 19:23:00'),(94,34.872,18.6171,70.2629,6.37935,1.21613,19.5589,59.9825,0,0,2,'2024-10-30 20:23:00'),(95,28.3655,26.6507,53.2622,5.71211,1.54582,15.2279,66.6854,0,0,2,'2024-10-30 21:23:00'),(96,26.1209,29.314,100.413,5.60856,1.8088,23.9716,84.0028,0,0,2,'2024-10-30 22:23:00'),(97,81.7053,47.4728,50.8632,5.73102,1.99325,25.2797,63.5033,0,0,2,'2024-10-30 23:23:00'),(98,12.8817,29.5952,56.0095,7.1975,2.32264,19.1043,81.3786,0,0,2,'2024-10-31 00:23:00'),(99,36.5791,46.0451,130.487,7.4825,2.19239,28.0939,87.5475,0,0,2,'2024-10-31 01:23:00'),(100,77.557,46.8507,105.936,6.86854,1.01711,18.2915,61.2871,0,0,2,'2024-10-31 02:23:00'),(101,99.3115,47.8454,107.478,5.63293,2.22931,18.1971,88.7892,0,0,2,'2024-10-31 03:23:00'),(102,81.5219,48.3786,59.3052,6.0432,0.880865,17.1683,83.919,0,0,2,'2024-10-31 04:23:00'),(103,37.5907,27.0182,129.597,7.43603,1.67418,15.8458,76.2892,0,0,2,'2024-10-31 05:23:00'),(104,34.9947,18.708,86.0177,6.15761,2.08516,17.768,76.5118,0,0,2,'2024-10-31 06:23:00'),(105,95.483,11.3924,105.849,6.96444,1.10497,18.182,58.3641,0,0,2,'2024-10-31 07:23:00'),(106,30.3213,42.3195,106.548,6.77128,1.80702,15.8702,76.9726,0,0,2,'2024-10-31 08:23:00'),(107,35.5357,26.2432,75.4527,7.31981,1.46561,22.9647,87.4465,0,0,2,'2024-10-31 09:23:00'),(108,96.0485,29.8257,60.7414,6.53367,2.03722,17.8515,66.5098,0,0,2,'2024-10-31 10:23:00'),(109,75.1514,38.7616,118.575,6.06708,0.659064,27.5088,87.8921,0,0,2,'2024-10-31 11:23:00'),(110,35.961,13.0965,128.442,7.33044,0.627394,26.3335,72.0565,0,0,2,'2024-10-31 12:23:00'),(111,30.3633,6.45111,63.8765,6.51431,1.25647,21.48,51.3716,0,0,2,'2024-10-31 13:23:00'),(112,37.9076,43.8629,132.223,5.70184,1.75007,28.9686,62.6585,0,0,2,'2024-10-31 14:23:00'),(113,13.2832,13.4247,75.4464,5.66164,1.04401,24.0499,61.1424,0,0,2,'2024-10-31 15:23:00'),(114,24.0141,40.0187,55.3012,6.44018,1.32706,25.4397,75.4792,0,0,2,'2024-10-31 16:23:00'),(115,16.6304,20.7084,103.231,6.32635,1.35433,28.3958,81.0417,0,0,2,'2024-10-31 17:23:00'),(116,46.9985,35.9656,53.7316,5.78221,1.32203,15.7188,63.581,0,0,2,'2024-10-31 18:23:00'),(117,63.527,25.859,141.217,6.91699,2.43086,24.9013,74.6666,0,0,2,'2024-10-31 19:23:00'),(118,71.5884,18.4564,132.488,6.29234,0.8589,20.8053,61.0069,0,0,2,'2024-10-31 20:23:00'),(119,64.0598,35.1198,64.6325,7.38083,1.42172,24.1284,87.3076,0,0,2,'2024-10-31 21:23:00'),(120,40.4525,29.8892,144.594,5.77162,0.695956,19.7812,60.2155,0,0,2,'2024-10-31 22:23:00'),(121,97.8903,31.7858,74.2496,5.58631,1.70767,22.0784,54.1311,0,0,2,'2024-10-31 23:23:00'),(122,81.7281,15.1388,80.6898,6.9084,1.86842,24.8117,67.7957,0,0,2,'2024-11-01 00:23:00'),(123,87.2699,27.3441,124.685,5.64559,1.77831,28.984,60.0079,0,0,2,'2024-11-01 01:23:00'),(124,26.0546,40.5652,130.759,5.63419,1.88754,15.2359,86.0359,0,0,2,'2024-11-01 02:23:00'),(125,11.6869,49.6131,126.247,5.50905,0.836244,26.9214,81.986,0,0,2,'2024-11-01 03:23:00'),(126,43.7192,47.5132,79.0501,6.4836,2.12975,20.0238,53.8302,0,0,2,'2024-11-01 04:23:00'),(127,13.701,27.1827,130.719,5.52907,1.88216,18.8745,79.214,0,0,2,'2024-11-01 05:23:00'),(128,13.2449,22.1545,97.4245,6.29461,1.34078,28.6393,71.6805,0,0,2,'2024-11-01 06:23:00'),(129,84.9453,24.3893,123.496,6.17749,1.14283,15.8105,57.7327,0,0,2,'2024-11-01 07:23:00'),(130,50.9872,19.7746,113.421,6.09582,1.19304,28.3115,75.5347,0,0,2,'2024-11-01 08:23:00'),(131,86.3347,27.9929,137.477,7.09193,1.04881,25.7907,61.7259,0,0,2,'2024-11-01 09:23:00'),(132,76.6248,6.85523,79.9582,6.47975,0.693991,26.9214,87.6969,0,0,2,'2024-11-01 10:23:00'),(133,85.4574,13.8238,60.6538,6.51069,2.47989,29.2597,51.0504,0,0,2,'2024-11-01 11:23:00'),(134,92.1713,16.275,109.625,6.98586,1.33917,18.0918,58.4248,0,0,2,'2024-11-01 12:23:00'),(135,80.5978,24.8836,98.6054,6.61371,1.6435,18.7319,58.6256,0,0,2,'2024-11-01 13:23:00'),(136,69.3298,17.788,129.022,7.17757,1.7834,26.0578,78.7322,0,0,2,'2024-11-01 14:23:00'),(137,37.7763,49.8925,119.583,6.06504,1.54996,19.8402,62.5686,0,0,2,'2024-11-01 15:23:00'),(138,65.8067,25.5648,61.5173,6.19826,1.24914,16.1541,84.8201,0,0,2,'2024-11-01 16:23:00'),(139,13.9661,31.5692,149.314,5.50816,1.67161,27.0323,87.9664,0,0,2,'2024-11-01 17:23:00'),(140,90.6163,28.3018,85.4353,5.83187,2.09176,16.2122,83.3385,0,0,2,'2024-11-01 18:23:00'),(141,12.1353,9.47994,81.3997,6.10314,1.82801,16.5596,77.4311,0,0,2,'2024-11-01 19:23:00'),(142,36.8799,34.1527,100.948,5.83002,0.951186,26.4575,62.8176,0,0,2,'2024-11-01 20:23:00'),(143,13.8766,49.1167,68.1636,7.35967,0.770408,27.0737,72.0926,0,0,2,'2024-11-01 21:23:00'),(144,73.3464,40.6077,140.073,7.42982,1.79412,16.2402,50.011,0,0,2,'2024-11-01 22:23:00'),(145,75.9706,48.9949,108.563,6.87084,2.10599,29.5303,61.5047,0,0,2,'2024-11-01 23:23:00'),(146,73.3857,28.5969,142.355,7.12486,2.09227,24.4812,77.2317,0,0,2,'2024-11-02 00:23:00'),(147,44.8504,36.3888,143.259,6.94143,2.13132,28.2766,68.1698,0,0,2,'2024-11-02 01:23:00'),(148,11.444,12.2502,91.9196,6.47776,1.53838,15.1587,88.0828,0,0,2,'2024-11-02 02:23:00'),(149,42.6008,22.4715,73.0002,5.66578,2.11234,19.6125,66.4484,0,0,2,'2024-11-02 03:23:00'),(150,37.827,31.1528,93.548,6.81513,0.742093,27.1661,85.3664,0,0,2,'2024-11-02 04:23:00'),(151,52.6299,14.0796,133.795,5.56939,0.832049,24.3329,56.5497,0,0,2,'2024-11-02 05:23:00'),(152,67.336,11.8099,85.9119,5.9493,2.01836,21.8732,53.7374,0,0,2,'2024-11-02 06:23:00'),(153,45.1206,29.6694,58.8104,6.49593,2.28486,15.9118,74.7603,0,0,2,'2024-11-02 07:23:00'),(154,86.1815,30.1324,121.714,6.81484,1.48599,16.6362,60.9922,0,0,2,'2024-11-02 08:23:00'),(155,32.5897,9.68517,122.364,7.04399,1.56976,17.9638,64.0183,0,0,2,'2024-11-02 09:23:00'),(156,25.2888,14.1087,126.611,6.14276,1.51582,28.436,84.0945,0,0,2,'2024-11-02 10:23:00'),(157,38.7481,11.3212,102.477,6.42627,1.1697,22.4379,66.008,0,0,2,'2024-11-02 11:23:00'),(158,96.3027,33.2472,72.787,6.81703,0.986352,16.0026,68.5309,0,0,2,'2024-11-02 12:23:00'),(159,88.4613,26.3618,73.078,6.72015,1.22075,19.062,51.894,0,0,2,'2024-11-02 13:23:00'),(160,57.6455,27.32,91.8538,5.96922,1.35196,27.5335,76.5559,0,0,2,'2024-11-02 14:23:00'),(161,98.1626,48.3655,84.9397,6.63032,1.56616,25.5601,52.5322,0,0,2,'2024-11-02 15:23:00'),(162,14.738,5.78653,114.525,6.50285,0.518598,25.2539,77.5149,0,0,2,'2024-11-02 16:23:00'),(163,80.7303,39.1125,125.739,5.64666,2.04903,16.1286,74.6491,0,0,2,'2024-11-02 17:23:00'),(164,84.5635,6.1865,112.587,6.36212,0.727209,23.9335,84.9046,0,0,2,'2024-11-02 18:23:00'),(165,40.1048,40.1601,124.617,6.05281,0.505981,28.0132,55.6178,0,0,2,'2024-11-02 19:23:00'),(166,77.1258,16.7304,123.175,5.65611,2.3738,16.1466,76.3566,0,0,2,'2024-11-02 20:23:00'),(167,64.2866,29.2826,90.8377,5.85632,1.88007,28.1421,53.1136,0,0,2,'2024-11-02 21:23:00'),(168,80.7864,22.197,73.7521,6.76226,1.90433,15.4786,63.7487,0,0,2,'2024-11-02 22:23:00'),(169,69.7436,37.1228,135.643,7.43854,1.45548,29.1935,80.0977,0,0,2,'2024-11-02 23:23:00'),(170,75.1827,12.7015,143.722,6.46237,2.1924,23.9583,75.0897,0,0,2,'2024-11-03 00:23:00'),(171,47.7243,46.7902,110.065,7.41039,2.0471,25.7953,81.1546,0,0,2,'2024-11-03 01:23:00'),(172,89.44,38.0861,50.3522,6.34427,0.838175,23.8564,77.3765,0,0,2,'2024-11-03 02:23:00'),(173,34.646,25.4751,101.194,6.78015,0.725122,27.1369,66.4607,0,0,2,'2024-11-03 03:23:00'),(174,46.8519,45.9504,72.6901,7.10152,2.45534,26.8459,58.4842,0,0,2,'2024-11-03 04:23:00'),(175,15.4958,38.9703,102.835,5.54547,2.14766,21.4881,64.4512,0,0,2,'2024-11-03 05:23:00'),(176,32.8874,38.4237,83.0659,5.74026,0.789866,17.5482,83.7018,0,0,2,'2024-11-03 06:23:00'),(177,62.4238,24.3401,136.188,6.54656,1.0427,23.7212,61.99,0,0,2,'2024-11-03 07:23:00'),(178,17.4726,9.24154,101.559,6.79033,0.768758,27.8551,54.3234,0,0,2,'2024-11-03 08:23:00'),(179,74.53,37.4965,141.452,7.27156,0.798049,18.3934,67.3405,0,0,2,'2024-11-03 09:23:00'),(180,61.0018,18.7961,57.9604,6.18601,1.89846,24.852,78.3279,0,0,2,'2024-11-03 10:23:00'),(181,36.5536,12.6167,98.6447,6.14045,2.12353,27.0442,55.9068,0,0,2,'2024-11-03 11:23:00'),(182,43.6552,14.5736,117.115,6.06313,0.61025,16.8158,84.3913,0,0,2,'2024-11-03 12:23:00'),(183,45.9854,6.33452,119.756,6.07425,1.88028,17.4673,84.3712,0,0,2,'2024-11-03 13:23:00'),(184,90.3444,44.6645,64.5487,7.47518,1.10182,28.6609,76.5571,0,0,2,'2024-11-03 14:23:00'),(185,39.0332,22.6162,79.9058,5.99637,0.906655,18.3747,60.897,0,0,2,'2024-11-03 15:23:00'),(186,73.054,34.0807,86.7246,6.01837,1.29577,23.5856,88.7497,0,0,2,'2024-11-03 16:23:00'),(187,66.723,43.5014,84.7317,5.51868,2.46382,25.8768,77.6023,0,0,2,'2024-11-03 17:23:00'),(188,12.4964,39.3241,74.2108,6.84605,2.2323,15.2086,73.751,0,0,2,'2024-11-03 18:23:00'),(189,80.6642,19.2488,70.8591,6.11333,2.09807,27.6039,74.2913,0,0,2,'2024-11-03 19:23:00'),(190,16.6687,27.7735,86.4836,5.51598,0.605669,16.6621,73.6845,0,0,2,'2024-11-03 20:23:00'),(191,16.4801,10.3385,123.623,6.65901,1.18753,21.2048,78.7361,0,0,2,'2024-11-03 21:23:00'),(192,88.9188,44.3643,135.181,6.10105,0.559317,26.0313,84.4665,0,0,2,'2024-11-03 22:23:00'),(193,54.5707,43.6463,99.3774,6.24517,2.21354,22.9106,58.7756,0,0,2,'2024-11-03 23:23:00'),(194,25.9214,35.0604,149.056,7.28698,1.48481,24.813,62.3442,0,0,2,'2024-11-04 00:23:00'),(195,39.7147,43.5695,61.9235,6.19398,2.36382,26.4808,73.513,0,0,2,'2024-11-04 01:23:00'),(196,46.3785,48.0736,50.9401,7.30453,1.18917,29.0123,70.9438,0,0,2,'2024-11-04 02:23:00'),(197,18.5869,14.2323,147.754,6.96596,2.1131,15.2797,86.9731,0,0,2,'2024-11-04 03:23:00'),(198,54.6912,24.8462,65.6403,7.44252,0.739186,22.2305,88.5986,0,0,2,'2024-11-04 04:23:00'),(199,39.7655,47.0776,51.6323,7.01454,1.29243,22.9554,87.6197,0,0,2,'2024-11-04 05:23:00'),(200,92.2894,11.7186,144.228,6.65685,1.50768,26.892,63.0772,0,0,2,'2024-11-04 06:23:00'),(201,84.402,32.4654,90.3936,7.39712,1.23662,22.5839,52.8201,0,0,2,'2024-11-04 07:23:00'),(202,35.0886,14.3002,113.925,7.13398,0.683279,23.4589,89.5535,0,0,2,'2024-11-04 08:23:00'),(203,71.3536,12.2665,78.4726,6.70343,2.3962,22.5507,77.8634,0,0,2,'2024-11-04 09:23:00'),(204,31.2767,35.4324,87.5215,7.1549,0.570969,24.9741,52.8914,0,0,2,'2024-11-04 10:23:00'),(205,98.6689,37.7604,90.3835,6.2011,0.726656,19.1869,72.4885,0,0,2,'2024-11-04 11:23:00'),(206,42.3462,13.6782,129.766,7.38479,2.19884,28.6858,67.3935,0,0,2,'2024-11-04 12:23:00'),(207,35.4283,16.2452,115.481,6.95168,0.907796,16.0217,50.7631,0,0,2,'2024-11-04 13:23:00'),(208,23.5314,42.3018,58.3673,5.57305,2.12702,16.1277,53.654,0,0,2,'2024-11-04 14:23:00'),(209,64.5685,35.7692,127.681,6.53097,1.80732,21.2984,76.1164,0,0,2,'2024-11-04 15:23:00'),(210,91.6472,36.4975,113.174,6.1467,1.13964,18.97,71.9662,0,0,2,'2024-11-04 16:23:00'),(211,27.3442,37.8043,108.564,5.96229,1.32265,15.6993,64.1423,0,0,2,'2024-11-04 17:23:00'),(212,73.7695,44.9312,63.6977,6.92158,2.16096,15.9708,69.7933,0,0,2,'2024-11-04 18:23:00'),(213,71.6976,21.5227,105.828,5.78986,1.87031,23.9956,84.2792,0,0,2,'2024-11-04 19:23:00'),(214,69.2186,35.3904,135.706,5.65839,2.10751,18.5767,63.8744,0,0,2,'2024-11-04 20:23:00'),(215,10.6104,7.05364,74.2643,6.80647,2.12129,21.8838,64.0751,0,0,2,'2024-11-04 21:23:00'),(216,73.9901,26.3506,133.714,6.47084,2.25245,27.7863,89.6651,0,0,2,'2024-11-04 22:23:00'),(217,89.2352,39.8863,111.615,5.73253,1.45139,29.2132,78.1334,0,0,2,'2024-11-04 23:23:00'),(218,42.6159,43.487,80.4412,6.92262,1.08526,24.7552,78.2614,0,0,2,'2024-11-05 00:23:00'),(219,31.7735,18.2323,121.454,6.3317,2.02904,19.0361,68.3471,0,0,2,'2024-11-05 01:23:00'),(220,44.5368,5.68758,103.267,7.09076,1.42843,21.0226,51.5724,0,0,2,'2024-11-05 02:23:00'),(221,45.3902,22.6942,88.7334,6.01846,2.2391,21.2587,63.0492,0,0,2,'2024-11-05 03:23:00'),(222,97.7801,26.9604,122.942,7.46097,2.40516,18.9178,55.1112,0,0,2,'2024-11-05 04:23:00'),(223,22.2301,37.3377,60.7368,6.04599,1.21839,20.6994,66.2364,0,0,2,'2024-11-05 05:23:00'),(224,86.5179,35.0257,65.1585,7.07713,0.77481,26.8616,77.9949,0,0,2,'2024-11-05 06:23:00'),(225,18.4261,43.7017,116.893,6.73823,1.3817,15.2973,62.1906,0,0,2,'2024-11-05 07:23:00'),(226,30.469,18.7023,134.518,6.27205,0.875981,24.7737,57.7199,0,0,2,'2024-11-05 08:23:00'),(227,92.5503,11.1494,54.7773,7.10178,1.63013,22.9528,74.2636,0,0,2,'2024-11-05 09:23:00'),(228,79.2014,20.011,107.752,7.26026,2.18463,26.1679,72.8232,0,0,2,'2024-11-05 10:23:00'),(229,83.8684,23.5342,112.79,5.88983,1.13817,22.2033,79.3512,0,0,2,'2024-11-05 11:23:00'),(230,18.521,7.65862,77.1837,6.78712,2.43283,19.3444,78.6443,0,0,2,'2024-11-05 12:23:00'),(231,92.3028,37.4284,96.2686,6.20632,2.04685,27.5898,80.2648,0,0,2,'2024-11-05 13:23:00'),(232,83.4108,35.5013,119.856,6.03734,2.27292,25.7025,62.1947,0,0,2,'2024-11-05 14:23:00'),(233,18.4754,8.32031,94.9038,5.85915,1.87631,15.7598,80.1858,0,0,2,'2024-11-05 15:23:00'),(234,74.2765,5.99453,89.0258,7.01193,2.34978,29.8171,78.6479,0,0,2,'2024-11-05 16:23:00'),(235,83.8026,17.542,124.441,5.52722,2.26733,28.9923,68.2726,0,0,2,'2024-11-05 17:23:00'),(236,12.3889,16.9784,63.9019,6.65456,1.70367,29.4072,50.4164,0,0,2,'2024-11-05 18:23:00'),(237,31.4257,37.7051,132.231,7.35658,0.615391,29.2071,52.1233,0,0,2,'2024-11-05 19:23:00'),(238,74.9814,44.2929,51.5321,5.96338,1.10792,25.7467,75.7308,0,0,2,'2024-11-05 20:23:00'),(239,22.4818,26.1332,74.7924,6.94676,1.90551,27.8746,83.1834,0,0,2,'2024-11-05 21:23:00'),(240,83.3952,44.7783,118.788,5.79442,0.978992,24.17,75.8004,0,0,2,'2024-11-05 22:23:00'),(241,38.3733,7.18455,67.4396,6.44772,1.03936,17.1492,78.514,0,0,2,'2024-11-05 23:23:00'),(242,13.569,9.364,121.302,6.97528,1.58194,25.5625,57.7213,0,0,2,'2024-11-06 00:23:00'),(243,88.2769,17.0011,84.1484,5.96169,0.675734,22.672,56.0354,0,0,2,'2024-11-06 01:23:00'),(244,50.5006,31.3346,82.273,6.45223,2.21324,29.8108,77.2527,0,0,2,'2024-11-06 02:23:00'),(245,68.146,10.6289,56.5604,6.95294,1.14129,26.6712,62.0371,0,0,2,'2024-11-06 03:23:00'),(246,85.8012,18.4729,108.918,6.75584,2.48104,28.8308,65.4841,0,0,2,'2024-11-06 04:23:00'),(247,61.7458,48.97,51.862,5.86353,2.48242,20.6033,64.9319,0,0,2,'2024-11-06 05:23:00'),(248,33.1472,11.6409,117.386,6.03213,1.48333,19.9899,80.1335,0,0,2,'2024-11-06 06:23:00'),(249,99.7045,40.2474,87.7328,7.16926,1.12801,19.4296,83.4102,0,0,2,'2024-11-06 07:23:00'),(250,74.3093,26.8996,104.772,6.21031,0.918374,25.1051,75.4578,0,0,2,'2024-11-06 08:23:00'),(251,51.6038,45.4441,91.4836,7.15201,0.501347,25.6567,74.671,0,0,2,'2024-11-06 09:23:00'),(252,96.7824,23.0332,116.524,6.54949,2.2752,25.9222,67.5294,0,0,2,'2024-11-06 10:23:00'),(253,96.9856,10.9239,122.746,5.53194,1.59577,26.3396,52.6141,0,0,2,'2024-11-06 11:23:00'),(254,53.3387,44.0531,143.096,6.63753,1.98442,27.4628,78.8958,0,0,2,'2024-11-06 12:23:00'),(255,82.8638,40.4504,57.8293,7.15232,0.829332,16.5437,88.0862,0,0,2,'2024-11-06 13:23:00'),(256,50.324,11.0281,54.0553,6.91598,0.839503,29.5381,61.6793,0,0,2,'2024-11-06 14:23:00'),(257,95.728,23.9324,77.9261,7.0411,1.97412,25.4078,88.4237,0,0,2,'2024-11-06 15:23:00'),(258,60.1111,25.4722,79.477,5.93528,1.17633,21.7507,71.7399,0,0,2,'2024-11-06 16:23:00'),(259,89.653,38.379,88.01,6.1209,2.26875,19.058,63.1902,0,0,2,'2024-11-06 17:23:00'),(260,89.5235,30.8881,101.808,7.05449,1.62729,17.4568,55.3679,0,0,2,'2024-11-06 18:23:00'),(261,67.7733,38.2743,118.198,7.12962,0.740723,29.0328,72.0335,0,0,2,'2024-11-06 19:23:00'),(262,63.7107,49.4784,118.79,6.06424,1.18528,20.4177,82.9551,0,0,2,'2024-11-06 20:23:00'),(263,49.6311,49.8032,72.2947,6.8535,2.4871,27.2815,66.9304,0,0,2,'2024-11-06 21:23:00'),(264,79.522,48.7843,60.3457,5.82059,1.2145,28.662,87.3524,0,0,2,'2024-11-06 22:23:00'),(265,10.6179,22.0659,61.7536,6.68699,2.17823,24.0718,57.1392,0,0,2,'2024-11-06 23:23:00'),(266,37.3507,19.0538,94.6791,6.21726,2.4157,25.8518,59.0296,0,0,2,'2024-11-07 00:23:00'),(267,81.9499,13.5354,70.7379,7.2859,1.69157,17.1517,84.1351,0,0,2,'2024-11-07 01:23:00'),(268,14.9671,26.7117,125.133,7.34968,2.36638,22.9454,70.8904,0,0,2,'2024-11-07 02:23:00'),(269,58.4978,42.2021,113.289,6.93912,0.730768,27.5704,55.5121,0,0,2,'2024-11-07 03:23:00'),(270,38.3594,40.4577,106.294,7.30567,2.29729,20.7541,53.9406,0,0,2,'2024-11-07 04:23:00'),(271,75.7297,21.4876,85.6777,6.1794,0.957113,27.3029,55.8598,0,0,2,'2024-11-07 05:23:00'),(272,45.4826,35.8352,142.245,7.33174,0.925805,17.8218,76.5089,0,0,2,'2024-11-07 06:23:00'),(273,84.4758,46.4966,106.331,7.24854,1.42734,24.7019,53.5842,0,0,2,'2024-11-07 07:23:00'),(274,83.2325,11.8476,130.677,7.13046,1.21399,24.9152,58.2348,0,0,2,'2024-11-07 08:23:00'),(275,93.9948,15.83,57.016,5.80022,0.661269,29.5856,75.553,0,0,2,'2024-11-07 09:23:00'),(276,37.395,29.3028,82.2917,5.87906,2.03301,16.0152,62.7255,0,0,2,'2024-11-07 10:23:00'),(277,49.4354,13.7644,129.029,5.68914,1.53495,27.5515,55.4147,0,0,2,'2024-11-07 11:23:00'),(278,70.7393,20.1281,70.8378,6.65915,1.68622,23.2458,61.5439,0,0,2,'2024-11-07 12:23:00'),(279,84.5879,9.72358,123.447,6.85454,1.19791,16.3804,80.8617,0,0,2,'2024-11-07 13:23:00'),(280,34.6407,46.4167,65.0007,6.88351,1.65263,17.7665,71.6181,0,0,2,'2024-11-07 14:23:00'),(281,97.5685,35.7695,138.101,6.0597,1.30494,17.6633,89.7472,0,0,2,'2024-11-07 15:23:00'),(282,11.105,47.484,113.37,6.14016,1.02817,27.8015,67.6787,0,0,2,'2024-11-07 16:23:00'),(283,13.0719,15.2676,95.3011,5.69269,0.669217,29.3262,56.034,0,0,2,'2024-11-07 17:23:00'),(284,75.3695,8.21121,69.0212,5.98891,1.46966,15.4779,51.5524,0,0,2,'2024-11-07 18:23:00'),(285,51.4838,37.0466,126.562,7.08607,1.69848,25.1391,79.3772,0,0,2,'2024-11-07 19:23:00'),(286,15.959,7.30469,141.892,6.84194,1.48125,25.0752,86.2161,0,0,2,'2024-11-07 20:23:00'),(287,72.3579,20.2657,73.3312,7.49038,1.6797,20.6113,50.0529,0,0,2,'2024-11-07 21:23:00'),(288,59.9661,37.3524,140.03,7.44804,1.49136,27.6585,53.1469,0,0,2,'2024-11-07 22:23:00'),(289,12.8145,7.69827,56.8075,7.20006,0.844829,25.7756,68.5072,0,0,2,'2024-11-07 23:23:00'),(290,79.757,27.363,57.2452,5.61519,1.42067,20.7528,86.3676,0,0,2,'2024-11-08 00:23:00'),(291,26.3716,35.2514,120.085,6.75943,2.41255,24.6571,66.9506,0,0,2,'2024-11-08 01:23:00'),(292,20.3375,26.4365,130.619,6.99101,2.06047,25.7315,52.2516,0,0,2,'2024-11-08 02:23:00'),(293,14.4657,19.226,143.992,7.20215,2.11222,18.4021,73.584,0,0,2,'2024-11-08 03:23:00'),(294,73.145,40.6166,50.6196,6.75873,1.94018,26.6779,59.194,0,0,2,'2024-11-08 04:23:00'),(295,25.3698,18.2707,54.0817,6.40345,0.790354,24.2574,80.3311,0,0,2,'2024-11-08 05:23:00'),(296,37.6915,28.4851,103.892,6.01318,2.36959,15.3549,52.0389,0,0,2,'2024-11-08 06:23:00'),(297,93.1454,24.1085,142.455,5.55529,2.46538,17.6734,54.5317,0,0,2,'2024-11-08 07:23:00'),(298,40.6491,9.65649,71.3325,5.86652,0.905195,15.4047,66.0648,0,0,2,'2024-11-08 08:23:00'),(299,31.2409,20.3846,143.359,6.42783,0.589511,19.2619,61.2347,0,0,2,'2024-11-08 09:23:00'),(300,39.7461,43.475,141.915,7.41119,1.24161,18.7866,65.9037,0,0,2,'2024-11-08 10:23:00'),(301,83.7516,6.361,80.6713,5.63249,1.03182,24.17,74.8757,0,0,2,'2024-11-08 11:23:00'),(302,58.6562,46.9825,125.121,6.82473,1.12331,22.6205,73.481,0,0,2,'2024-11-08 12:23:00'),(303,45.9182,29.7326,128.566,5.53689,1.55833,26.8837,65.0992,0,0,2,'2024-11-08 13:23:00'),(304,69.8579,7.59679,78.6076,6.26205,1.04319,28.9066,57.5473,0,0,2,'2024-11-08 14:23:00'),(305,94.1187,30.712,62.3831,7.15538,0.867843,16.0796,66.7396,0,0,2,'2024-11-08 15:23:00'),(306,23.7574,21.4798,92.0995,6.80251,1.8735,24.8983,50.4276,0,0,2,'2024-11-08 16:23:00'),(307,82.9191,22.7626,121.94,5.72088,0.656257,18.4064,60.5529,0,0,2,'2024-11-08 17:23:00'),(308,40.0947,44.4687,149.325,7.07761,1.43478,23.7627,54.056,0,0,2,'2024-11-08 18:23:00'),(309,46.7468,34.6698,141.169,5.66567,2.48069,23.1252,55.2773,0,0,2,'2024-11-08 19:23:00'),(310,65.5783,42.2455,108.478,6.38367,1.52841,25.4306,69.4809,0,0,2,'2024-11-08 20:23:00'),(311,83.9009,22.9131,91.9318,5.55003,1.88929,27.0612,50.6389,0,0,2,'2024-11-08 21:23:00'),(312,97.6824,31.2266,78.4778,5.89093,1.87331,29.3346,69.7788,0,0,2,'2024-11-08 22:23:00'),(313,93.3056,18.837,123.604,6.73025,1.21612,25.0293,82.4654,0,0,2,'2024-11-08 23:23:00'),(314,31.7889,18.1362,119.387,6.26791,2.27366,27.768,76.775,0,0,2,'2024-11-09 00:23:00'),(315,71.7128,30.1436,52.2269,5.91865,2.0982,23.9049,58.421,0,0,2,'2024-11-09 01:23:00'),(316,76.6787,22.4353,97.6321,5.84097,2.01185,17.9338,59.6387,0,0,2,'2024-11-09 02:23:00'),(317,98.7693,43.5566,63.617,5.56807,0.95503,22.028,80.7146,0,0,2,'2024-11-09 03:23:00'),(318,55.4552,23.2317,60.5523,6.03277,1.36015,20.4889,78.9823,0,0,2,'2024-11-09 04:23:00'),(319,21.972,11.6837,79.7393,6.49247,1.4707,24.6539,81.8441,0,0,2,'2024-11-09 05:23:00'),(320,85.4905,17.6345,148.078,7.44597,0.550173,20.3292,57.5094,0,0,2,'2024-11-09 06:23:00'),(321,29.3021,10.6762,109.993,6.65797,2.30729,20.0089,82.0089,0,0,2,'2024-11-09 07:23:00'),(322,79.2833,31.4285,86.3146,5.8976,0.942868,21.6011,60.0989,0,0,2,'2024-11-09 08:23:00'),(323,36.1516,33.9071,71.495,7.06072,2.20655,29.4667,80.8255,0,0,2,'2024-11-09 09:23:00'),(324,87.9609,28.6867,78.6008,6.74907,2.34194,28.9311,76.2554,0,0,2,'2024-11-09 10:23:00'),(325,37.9412,17.1047,146.709,6.46375,1.32639,25.5888,75.7874,0,0,2,'2024-11-09 11:23:00'),(326,77.1288,5.77532,112.714,6.42618,0.506355,15.1345,71.9211,0,0,2,'2024-11-09 12:23:00'),(327,63.4272,38.4248,74.419,6.63664,1.74526,21.8957,51.7074,0,0,2,'2024-11-09 13:23:00'),(328,97.0156,15.6925,76.0342,6.70215,0.509231,28.3586,65.9388,0,0,2,'2024-11-09 14:23:00'),(329,34.9953,29.7864,144.861,7.45499,1.22597,23.236,55.2205,0,0,2,'2024-11-09 15:23:00'),(330,29.6414,15.0559,63.416,6.29874,2.20994,23.4882,82.0474,0,0,2,'2024-11-09 16:23:00'),(331,66.9076,7.79042,110.186,7.30061,1.69564,27.4878,84.2959,0,0,2,'2024-11-09 17:23:00'),(332,46.5902,30.704,60.0048,6.19907,1.16476,19.0454,67.4095,0,0,2,'2024-11-09 18:23:00'),(333,73.8162,17.8692,70.4906,7.4552,0.551522,17.4358,59.602,0,0,2,'2024-11-09 19:23:00'),(334,61.1171,38.5118,91.7436,5.79541,1.97133,24.4102,75.9631,0,0,2,'2024-11-09 20:23:00'),(335,84.9889,45.3619,99.1103,7.49688,0.599793,19.3578,81.7574,0,0,2,'2024-11-09 21:23:00'),(336,90.0845,38.6682,149.607,7.28189,0.792252,16.0768,82.8485,0,0,2,'2024-11-09 22:23:00'),(337,61.9166,37.5793,137.57,7.32156,1.40731,19.6849,60.9496,0,0,2,'2024-11-09 23:23:00'),(338,22.0914,44.2684,77.8943,5.70823,2.14575,15.0184,77.2625,0,0,2,'2024-11-10 00:23:00'),(339,57.0556,31.0397,111.443,6.32852,1.57243,23.5021,59.8358,0,0,2,'2024-11-10 01:23:00'),(340,28.0582,48.7852,107.816,7.37875,2.49571,15.4306,55.9997,0,0,2,'2024-11-10 02:23:00'),(341,46.9502,35.5293,98.917,6.01798,2.0888,16.1311,63.2012,0,0,2,'2024-11-10 03:23:00'),(342,65.6401,46.9586,100.336,6.28562,2.13612,23.7761,74.8665,0,0,2,'2024-11-10 04:23:00'),(343,26.9531,5.4952,74.0355,6.42765,2.10211,17.7247,78.404,0,0,2,'2024-11-10 05:23:00'),(344,30.3679,25.5009,121.112,6.41816,2.24668,16.2454,70.1533,0,0,2,'2024-11-10 06:23:00'),(345,32.2643,20.5671,103.315,6.02762,2.38147,28.4249,75.688,0,0,2,'2024-11-10 07:23:00'),(346,14.1502,20.788,70.2014,6.04912,2.36643,17.7923,71.2404,0,0,2,'2024-11-10 08:23:00'),(347,62.0466,20.8146,112.417,6.20195,1.07549,21.8465,62.9242,0,0,2,'2024-11-10 09:23:00'),(348,33.1161,26.9269,118.324,7.27859,2.32874,16.9188,63.3084,0,0,2,'2024-11-10 10:23:00'),(349,46.4941,7.57361,72.1134,6.51282,1.16374,22.9234,79.595,0,0,2,'2024-11-10 11:23:00'),(350,16.978,39.1524,77.4056,5.93427,0.830997,23.3273,77.1386,0,0,2,'2024-11-10 12:23:00'),(351,25.0691,14.5808,78.9924,7.40212,1.29564,25.399,53.6554,0,0,2,'2024-11-10 13:23:00'),(352,27.6285,48.5822,135.248,6.8789,1.01673,19.1974,76.8654,0,0,2,'2024-11-10 14:23:00'),(353,63.9268,26.6509,66.0162,5.5234,0.519048,19.0075,65.2624,0,0,2,'2024-11-10 15:23:00'),(354,96.1061,30.9338,53.1545,6.64857,0.597466,25.7517,50.7914,0,0,2,'2024-11-10 16:23:00'),(355,31.232,9.90337,62.5353,6.46423,2.33741,21.1654,72.3092,0,0,2,'2024-11-10 17:23:00'),(356,86.3896,33.8792,91.4329,6.34877,0.972096,26.8924,56.1812,0,0,2,'2024-11-10 18:23:00'),(357,71.452,6.09308,58.5191,5.50318,0.982643,29.3373,80.7838,0,0,2,'2024-11-10 19:23:00'),(358,18.407,15.7831,107.059,7.32647,2.05117,21.9104,63.1735,0,0,2,'2024-11-10 20:23:00'),(359,30.7736,32.3909,54.4021,6.99391,2.33688,22.4315,66.7402,0,0,2,'2024-11-10 21:23:00'),(360,41.4513,36.5549,78.1275,7.34642,1.82783,19.704,51.0115,0,0,2,'2024-11-10 22:23:00'),(361,51.9423,30.7463,101.679,6.26361,1.44011,22.1682,51.7859,0,0,2,'2024-11-10 23:23:00'),(362,27.9071,10.2768,128.369,6.56851,1.46076,29.4678,84.9559,0,0,2,'2024-11-11 00:23:00'),(363,99.6601,47.7049,95.2485,7.28794,1.46751,16.6886,68.2411,0,0,2,'2024-11-11 01:23:00'),(364,22.055,6.61346,71.253,5.801,1.12086,20.223,82.8879,0,0,2,'2024-11-11 02:23:00'),(365,44.2986,30.6618,142.705,5.72625,2.26394,21.7672,61.2921,0,0,2,'2024-11-11 03:23:00'),(366,61.2718,13.6651,54.9214,7.05182,0.960132,22.2469,76.0014,0,0,2,'2024-11-11 04:23:00'),(367,13.2163,12.1181,126.862,6.18021,1.22403,24.1166,58.0412,0,0,2,'2024-11-11 05:23:00'),(368,68.5991,5.29596,119.246,6.67266,0.980366,22.3435,69.9886,0,0,2,'2024-11-11 06:23:00'),(369,15.2212,15.401,88.8338,6.91591,1.15723,21.4768,87.2607,0,0,2,'2024-11-11 07:23:00'),(370,22.5073,27.2645,124.988,5.77788,1.24265,22.1082,78.2466,0,0,2,'2024-11-11 08:23:00'),(371,80.06,6.12185,117.188,6.41554,1.9122,23.798,52.8237,0,0,2,'2024-11-11 09:23:00'),(372,30.9927,49,85.1177,6.83305,1.93398,27.1102,58.9741,0,0,2,'2024-11-11 10:23:00'),(373,65.7162,15.4882,58.284,5.66971,2.48815,15.4251,77.4677,0,0,2,'2024-11-11 11:23:00'),(374,62.1226,43.6506,114.631,6.058,1.72729,28.1658,70.1645,0,0,2,'2024-11-11 12:23:00'),(375,59.7654,45.0952,70.287,7.08807,1.32616,25.0078,64.216,0,0,2,'2024-11-11 13:23:00'),(376,44.8846,38.9426,145.369,5.72378,1.8483,16.6951,64.5329,0,0,2,'2024-11-11 14:23:00'),(377,37.0004,34.4363,127.673,6.90807,2.10721,24.1837,50.8658,0,0,2,'2024-11-11 15:23:00'),(378,83.798,26.5565,66.0526,6.75504,2.06736,28.5282,56.621,0,0,2,'2024-11-11 16:23:00'),(379,42.0011,40.5792,112.117,7.48086,2.15217,24.4227,68.6546,0,0,2,'2024-11-11 17:23:00'),(380,71.2478,45.8328,72.3089,6.24552,0.835643,23.7795,78.6659,0,0,2,'2024-11-11 18:23:00'),(381,32.1707,6.45428,71.8296,7.39594,1.05522,29.3661,72.3973,0,0,2,'2024-11-11 19:23:00'),(382,11.3681,18.9607,142.757,6.23429,1.25505,18.4367,54.2441,0,0,2,'2024-11-11 20:23:00'),(383,78.7095,30.7429,148.647,6.43641,2.31223,20.6867,83.7787,0,0,2,'2024-11-11 21:23:00'),(384,61.8259,13.2564,61.7283,6.06033,2.18977,21.7162,84.8388,0,0,2,'2024-11-11 22:23:00'),(385,77.7412,21.8164,81.2857,5.50052,2.12468,16.2468,80.636,0,0,2,'2024-11-11 23:23:00'),(386,76.8378,8.84178,100.149,5.88005,1.55812,26.5722,52.1865,0,0,2,'2024-11-12 00:23:00'),(387,88.965,20.0701,92.0639,5.85597,1.79103,16.0204,64.0443,0,0,2,'2024-11-12 01:23:00'),(388,72.2592,33.5418,88.3586,7.18753,2.11826,29.317,60.7532,0,0,2,'2024-11-12 02:23:00'),(389,74.8222,5.19984,127.705,5.6636,1.83224,24.2397,51.4345,0,0,2,'2024-11-12 03:23:00'),(390,77.4042,20.1414,126.443,7.40965,1.06353,15.6229,79.6642,0,0,2,'2024-11-12 04:23:00'),(391,58.2515,16.4536,70.9855,6.37304,2.32184,28.3428,73.3988,0,0,2,'2024-11-12 05:23:00'),(392,59.1258,45.3342,101.225,5.84583,2.02102,16.8682,68.7894,0,0,2,'2024-11-12 06:23:00'),(393,54.9993,48.3625,69.5706,5.96019,2.20873,18.8529,68.3465,0,0,2,'2024-11-12 07:23:00'),(394,11.1207,23.0077,104.389,6.57538,1.52283,17.8841,89.9544,0,0,2,'2024-11-12 08:23:00'),(395,60.1655,20.6917,115.084,6.9531,1.27349,19.7539,82.8739,0,0,2,'2024-11-12 09:23:00'),(396,46.7752,15.4405,73.0676,6.38459,1.98158,24.0022,53.5689,0,0,2,'2024-11-12 10:23:00'),(397,66.5055,6.34135,135.053,5.65964,1.68681,25.6916,59.0294,0,0,2,'2024-11-12 11:23:00'),(398,68.3871,38.7037,104.958,5.5724,0.534958,29.5072,81.5515,0,0,2,'2024-11-12 12:23:00'),(399,11.2323,44.4109,106.226,6.95512,0.518293,17.7199,50.8812,0,0,2,'2024-11-12 13:23:00'),(400,50.4658,38.7819,142.004,7.31753,0.602507,18.0728,76.4584,0,0,2,'2024-11-12 14:23:00'),(401,99.527,35.7748,101.184,5.84366,1.30665,26.2197,69.282,0,0,2,'2024-11-12 15:23:00'),(402,44.99,6.35152,65.9434,6.30969,1.42846,22.6409,58.7212,0,0,2,'2024-11-12 16:23:00'),(403,43.233,22.1513,87.1931,7.20083,0.742334,29.793,79.3885,0,0,2,'2024-11-12 17:23:00'),(404,87.9548,18.4206,111.252,5.83004,0.966405,25.4978,52.6093,0,0,2,'2024-11-12 18:23:00'),(405,41.5688,6.50545,113.552,7.41857,1.31758,26.034,88.7988,0,0,2,'2024-11-12 19:23:00'),(406,23.4131,22.4255,146.318,5.85513,2.03369,18.2922,69.2678,0,0,2,'2024-11-12 20:23:00'),(407,74.8141,13.5449,66.4025,7.19693,0.564719,27.0304,69.5024,0,0,2,'2024-11-12 21:23:00'),(408,67.9375,39.9839,97.2399,5.87202,1.87322,17.4317,59.9237,0,0,2,'2024-11-12 22:23:00'),(409,29.4693,12.0156,51.0757,5.64913,0.890346,23.1482,78.6608,0,0,2,'2024-11-12 23:23:00'),(410,96.6442,14.2688,78.0938,6.34408,1.92287,25.1437,61.9297,0,0,2,'2024-11-13 00:23:00'),(411,77.2396,49.8083,83.5116,7.37429,2.20185,16.823,62.0734,0,0,2,'2024-11-13 01:23:00'),(412,39.221,18.1024,123.244,7.40019,1.46687,19.3005,73.9378,0,0,2,'2024-11-13 02:23:00'),(413,94.7268,17.3876,121.718,6.3247,1.57059,29.0554,75.5394,0,0,2,'2024-11-13 03:23:00'),(414,22.8274,40.8092,99.6919,6.31114,1.75186,21.7342,56.4816,0,0,2,'2024-11-13 04:23:00'),(415,32.9037,33.1589,127.066,6.40565,1.83322,25.1142,79.4194,0,0,2,'2024-11-13 05:23:00'),(416,26.3912,27.4835,140.69,6.63839,1.96982,18.9145,50.2792,0,0,2,'2024-11-13 06:23:00'),(417,74.1729,9.26747,106.427,6.34322,1.19388,21.9373,74.9373,0,0,2,'2024-11-13 07:23:00'),(418,35.0526,11.2967,76.7798,6.70121,0.582236,20.6806,67.8733,0,0,2,'2024-11-13 08:23:00'),(419,17.8751,42.5669,141.961,7.49825,1.32995,17.5625,56.2998,0,0,2,'2024-11-13 09:23:00'),(420,32.2522,19.7641,107.326,6.5599,2.46761,25.1195,55.0771,0,0,2,'2024-11-13 10:23:00'),(421,62.9095,40.7736,137.604,6.54936,0.648457,17.5249,87.1232,0,0,2,'2024-11-13 11:23:00'),(422,90.4632,38.0007,94.5853,5.54073,1.99188,23.2253,79.4314,0,0,2,'2024-11-13 12:23:00'),(423,21.6778,20.8351,83.4078,6.81677,0.743634,24.7645,88.005,0,0,2,'2024-11-13 13:23:00'),(424,74.5954,29.0502,66.4375,6.12018,1.36772,16.1183,68.9933,0,0,2,'2024-11-13 14:23:00'),(425,36.4343,17.3937,138.124,6.19887,1.35319,15.6916,84.3398,0,0,2,'2024-11-13 15:23:00'),(426,74.5141,46.9814,60.5465,6.15532,1.00548,29.4397,87.0057,0,0,2,'2024-11-13 16:23:00'),(427,31.6239,11.0671,106.845,5.98168,0.798552,23.7409,82.5054,0,0,2,'2024-11-13 17:23:00'),(428,23.3371,38.783,78.1541,7.49283,2.3072,24.8039,86.8738,0,0,2,'2024-11-13 18:23:00'),(429,87.6479,41.7297,69.8801,6.96226,1.01192,28.3283,71.4953,0,0,2,'2024-11-13 19:23:00'),(430,88.7465,6.55786,80.1961,6.21436,1.51531,18.1745,50.7902,0,0,2,'2024-11-13 20:23:00'),(431,67.2665,7.75972,93.5472,7.4326,1.09634,25.4225,71.6895,0,0,2,'2024-11-13 21:23:00'),(432,34.0337,33.2464,89.8193,7.20133,2.35957,17.5788,59.4551,0,0,2,'2024-11-13 22:23:00'),(433,29.9801,38.9522,66.403,5.8556,0.921757,19.6712,56.4492,0,0,2,'2024-11-13 23:23:00'),(434,23.3494,33.4232,81.8798,6.68406,0.820471,28.5705,56.8594,0,0,2,'2024-11-14 00:23:00'),(435,22.4058,21.3079,115.126,6.37798,1.28135,17.298,73.3476,0,0,2,'2024-11-14 01:23:00'),(436,57.9564,30.8434,121.512,5.72615,2.4185,25.099,85.4102,0,0,2,'2024-11-14 02:23:00'),(437,57.875,42.7387,58.043,6.33464,0.638983,19.1104,67.8222,0,0,2,'2024-11-14 03:23:00'),(438,61.7713,24.6607,107.742,6.89571,1.81665,28.7193,54.9511,0,0,2,'2024-11-14 04:23:00'),(439,12.2615,45.8508,69.0611,7.07396,2.49771,21.602,54.3435,0,0,2,'2024-11-14 05:23:00'),(440,45.4105,12.2614,89.5814,6.6259,2.12944,23.5778,56.5832,0,0,2,'2024-11-14 06:23:00'),(441,21.0675,24.8618,103.993,7.34637,2.39885,28.7243,84.7987,0,0,2,'2024-11-14 07:23:00'),(442,29.3742,43.8572,127.869,6.82159,1.43525,17.7557,79.2546,0,0,2,'2024-11-14 08:23:00'),(443,40.7721,8.85374,147.938,6.2808,1.90255,24.5943,81.1727,0,0,2,'2024-11-14 09:23:00'),(444,39.0896,37.9337,54.8889,7.09053,0.661766,24.5977,87.7167,0,0,2,'2024-11-14 10:23:00'),(445,88.569,27.8464,117.35,7.09052,1.31682,23.2502,54.121,0,0,2,'2024-11-14 11:23:00'),(446,91.5184,37.8143,113.832,5.83201,1.09474,17.7225,79.1035,0,0,2,'2024-11-14 12:23:00'),(447,89.9828,11.6647,96.6617,5.90799,1.61066,15.8569,50.6828,0,0,2,'2024-11-14 13:23:00'),(448,90.8032,49.8987,55.9287,6.44468,1.91915,16.7082,55.0138,0,0,2,'2024-11-14 14:23:00'),(449,15.6074,17.7021,121.28,6.53196,0.96362,16.4357,64.1457,0,0,2,'2024-11-14 15:23:00'),(450,83.7152,17.3606,82.6643,5.87544,2.00581,21.6601,63.0152,0,0,2,'2024-11-14 16:23:00'),(451,95.5398,13.8992,92.5155,6.98561,1.90053,18.378,88.61,0,0,2,'2024-11-14 17:23:00'),(452,81.043,49.5151,51.6058,6.76106,1.88821,18.5294,59.3681,0,0,2,'2024-11-14 18:23:00'),(453,72.8161,43.9134,92.9796,6.51191,0.944207,16.5222,76.7878,0,0,2,'2024-11-14 19:23:00'),(454,37.5271,6.72313,125.323,6.87209,1.01314,28.162,61.7873,0,0,2,'2024-11-14 20:23:00'),(455,76.0273,28.0746,84.7213,7.48222,1.50704,18.0479,56.0678,0,0,2,'2024-11-14 21:23:00'),(456,62.4563,11.7701,119.853,7.49769,0.998155,22.7427,83.2444,0,0,2,'2024-11-14 22:23:00'),(457,45.4306,42.7408,59.4461,5.61416,1.48487,16.9985,51.4023,0,0,2,'2024-11-14 23:23:00'),(458,78.7385,49.1366,131.908,6.94833,0.839607,22.4148,74.9975,0,0,2,'2024-11-15 00:23:00'),(459,80.2599,45.2445,57.1417,5.78688,2.13781,25.4542,85.6464,0,0,2,'2024-11-15 01:23:00'),(460,83.5187,29.263,145.407,7.14913,2.32807,18.1489,52.1805,0,0,2,'2024-11-15 02:23:00'),(461,22.2878,22.029,146.104,5.59378,1.10615,18.661,74.8844,0,0,2,'2024-11-15 03:23:00'),(462,58.136,24.7949,117.65,6.99593,1.13339,16.9479,61.2777,0,0,2,'2024-11-15 04:23:00'),(463,80.0011,45.9854,55.7632,6.56674,1.57654,28.8527,78.4892,0,0,2,'2024-11-15 05:23:00'),(464,26.2332,20.4941,145.915,7.29368,2.39293,20.8961,84.4435,0,0,2,'2024-11-15 06:23:00'),(465,22.0723,6.454,108.694,7.29757,2.35961,16.6659,89.8787,0,0,2,'2024-11-15 07:23:00'),(466,80.9926,19.3015,59.7767,7.40446,1.2592,27.6231,66.3293,0,0,2,'2024-11-15 08:23:00'),(467,81.8787,10.1832,99.3486,5.91757,0.507847,19.9193,80.4838,0,0,2,'2024-11-15 09:23:00'),(468,72.2549,45.113,118.969,6.91659,1.92519,16.225,72.1561,0,0,2,'2024-11-15 10:23:00'),(469,12.5026,36.7972,111.163,7.15378,1.47555,17.577,87.9566,0,0,2,'2024-11-15 11:23:00'),(470,71.7841,19.8771,66.4399,5.90427,1.38943,29.5792,73.0816,0,0,2,'2024-11-15 12:23:00'),(471,20.763,44.7284,120.988,5.68815,1.17166,26.9578,54.0715,0,0,2,'2024-11-15 13:23:00'),(472,77.5652,37.9484,112.703,6.50907,0.547744,16.2119,56.2604,0,0,2,'2024-11-15 14:23:00'),(473,92.8878,36.9324,117.982,6.68955,1.58578,20.2311,58.5714,0,0,2,'2024-11-15 15:23:00'),(474,97.1177,43.7677,114.008,6.67983,1.11385,15.9671,60.9064,0,0,2,'2024-11-15 16:23:00'),(475,54.0423,38.203,97.6623,5.54208,1.60324,20.5555,66.2121,0,0,2,'2024-11-15 17:23:00'),(476,18.5825,31.0656,134.202,6.43385,1.58079,23.6091,70.1717,0,0,2,'2024-11-15 18:23:00'),(477,60.9956,45.6388,50.1812,6.14327,1.75698,24.0511,62.0424,0,0,2,'2024-11-15 19:23:00'),(478,82.944,10.3335,88.239,7.37925,1.8266,28.5475,65.5891,0,0,2,'2024-11-15 20:23:00'),(479,23.5919,29.8814,70.223,5.50736,0.828214,20.7781,65.7747,0,0,2,'2024-11-15 21:23:00'),(480,40.0756,10.8035,123.111,6.45773,2.28644,27.9596,71.436,0,0,2,'2024-11-15 22:23:00'),(481,60.2261,47.1716,140.286,6.32267,0.746135,16.7541,66.2024,0,0,2,'2024-11-15 23:23:00'),(482,59.1693,9.66438,74.302,6.84448,2.3747,17.3222,85.0419,0,0,2,'2024-11-16 00:23:00'),(483,73.3011,14.6792,96.6879,6.38876,2.03366,28.1497,53.9761,0,0,2,'2024-11-16 01:23:00'),(484,72.841,28.0165,143.648,6.1226,1.00646,20.6416,82.6237,0,0,2,'2024-11-16 02:23:00'),(485,68.5218,19.7019,56.8801,5.79196,1.1902,16.9089,76.6166,0,0,2,'2024-11-16 03:23:00'),(486,88.585,15.1798,136.309,6.69244,0.99764,29.6016,82.0186,0,0,2,'2024-11-16 04:23:00'),(487,92.5442,28.581,98.5534,6.73267,2.11533,18.7488,62.3587,0,0,2,'2024-11-16 05:23:00'),(488,31.7769,10.823,91.6512,5.95619,2.24584,22.8153,82.7183,0,0,2,'2024-11-16 06:23:00'),(489,74.6697,20.365,145.608,5.75596,2.13709,21.8574,62.4326,0,0,2,'2024-11-16 07:23:00'),(490,54.5574,13.0646,88.8019,5.55351,0.917399,22.9842,52.7444,0,0,2,'2024-11-16 08:23:00'),(491,19.8224,13.4537,103.876,6.76935,1.86246,24.3344,55.1958,0,0,2,'2024-11-16 09:23:00'),(492,92.6532,9.76774,111.627,6.99268,2.00057,28.6278,55.3561,0,0,2,'2024-11-16 10:23:00'),(493,27.4611,49.4352,66.1883,6.9594,0.803329,28.2516,89.9264,0,0,2,'2024-11-16 11:23:00'),(494,64.3528,6.85122,88.6846,6.55324,1.16295,27.5105,55.8632,0,0,2,'2024-11-16 12:23:00'),(495,95.8599,40.5431,113.141,7.47425,0.828354,26.2907,81.3499,0,0,2,'2024-11-16 13:23:00'),(496,25.0045,49.1691,67.6794,7.03201,0.772694,18.3188,88.0293,0,0,2,'2024-11-16 14:23:00'),(497,24.7908,11.9546,145.51,6.87389,2.0711,28.1093,89.0887,0,0,2,'2024-11-16 15:23:00'),(498,55.0238,24.8013,59.0287,7.42826,0.69246,26.6516,85.9013,0,0,2,'2024-11-16 16:23:00'),(499,89.5729,27.7728,128.094,5.55728,1.03041,24.5763,71.5946,0,0,2,'2024-11-16 17:23:00'),(500,23.9862,29.1325,102.18,6.35169,0.852509,28.0883,60.3065,0,0,2,'2024-11-16 18:23:00'),(501,96.0016,44.2807,146.119,7.31239,0.851788,17.4281,67.4935,0,0,2,'2024-11-16 19:23:00'),(502,27.7854,23.3397,129.306,5.81954,0.639506,25.5375,84.203,0,0,2,'2024-11-16 20:23:00'),(503,21.6852,18.2809,114.6,6.19982,2.48244,28.8132,87.6393,0,0,2,'2024-11-16 21:23:00'),(504,71.0786,5.71347,71.8034,6.99013,2.32305,22.6553,88.5063,0,0,2,'2024-11-16 22:23:00'),(505,91.7242,36.0874,118.509,6.09499,2.19314,18.1353,56.9917,0,0,2,'2024-11-16 23:23:00'),(506,93.6001,8.80869,105.772,5.61622,1.43116,19.4068,51.808,0,0,2,'2024-11-17 00:23:00'),(507,95.325,30.5299,116.69,6.15499,0.96956,23.2254,56.0952,0,0,2,'2024-11-17 01:23:00'),(508,40.4405,45.5995,145.438,6.5187,1.54545,17.8685,50.5722,0,0,2,'2024-11-17 02:23:00'),(509,24.2138,18.2083,114.073,7.18484,2.11512,24.7751,50.741,0,0,2,'2024-11-17 03:23:00'),(510,83.7285,15.788,60.24,6.2401,1.43905,21.0549,61.6106,0,0,2,'2024-11-17 04:23:00'),(511,34.5305,8.41581,105.68,7.0598,1.67292,29.9413,66.6516,0,0,2,'2024-11-17 05:23:00'),(512,46.3151,13.4898,130.086,5.75284,1.74727,18.1877,76.8571,0,0,2,'2024-11-17 06:23:00'),(513,65.0532,42.6932,142.738,5.8084,2.27488,15.5092,77.7828,0,0,2,'2024-11-17 07:23:00'),(514,88.4231,19.593,125.526,5.72128,0.591604,24.9843,67.0938,0,0,2,'2024-11-17 08:23:00'),(515,33.9497,28.1668,143.552,5.68629,1.73927,17.4614,62.9973,0,0,2,'2024-11-17 09:23:00'),(516,96.9945,38.0968,82.0514,6.46047,0.556626,27.2654,71.4256,0,0,2,'2024-11-17 10:23:00'),(517,73.6448,35.5831,130.839,6.62176,2.45113,26.5762,86.5113,0,0,2,'2024-11-17 11:23:00'),(518,47.9314,33.5947,88.2818,6.1707,1.80233,23.4576,68.7633,0,0,2,'2024-11-17 12:23:00'),(519,32.5763,38.7696,136.915,6.3525,1.44157,18.243,84.3694,0,0,2,'2024-11-17 13:23:00'),(520,74.2004,27.3668,72.5488,5.99076,0.979929,19.9557,77.768,0,0,2,'2024-11-17 14:23:00'),(521,34.377,46.9276,70.0882,6.7701,2.10422,24.2477,59.69,0,0,2,'2024-11-17 15:23:00'),(522,56.9872,26.3223,123.507,7.48991,1.2954,19.2538,54.3532,0,0,2,'2024-11-17 16:23:00'),(523,14.502,43.8782,121.368,5.73316,0.816441,25.3929,83.3694,0,0,2,'2024-11-17 17:23:00'),(524,49.2457,22.1775,92.1793,6.1443,1.66634,28.5592,79.399,0,0,2,'2024-11-17 18:23:00'),(525,18.8764,42.5173,63.2963,5.83783,1.71948,16.1667,75.7189,0,0,2,'2024-11-17 19:23:00'),(526,28.6343,24.1354,59.2846,6.15109,0.556237,21.7863,79.8638,0,0,2,'2024-11-17 20:23:00'),(527,47.6557,42.654,149.495,5.765,1.78004,16.8086,67.6468,0,0,2,'2024-11-17 21:23:00'),(528,59.5202,29.8964,83.3111,6.27704,1.28463,16.4358,83.0173,0,0,2,'2024-11-17 22:23:00'),(529,99.3639,21.6644,89.6541,5.55227,1.87426,19.7343,70.5736,0,0,2,'2024-11-17 23:23:00'),(530,46.2488,19.6273,81.268,6.72844,2.15411,19.968,69.5784,0,0,2,'2024-11-18 00:23:00'),(531,75.2882,17.1531,128.712,6.59655,0.991536,22.7254,71.3942,0,0,2,'2024-11-18 01:23:00'),(532,94.6539,37.9919,71.4914,7.22175,2.23847,23.5031,85.4767,0,0,2,'2024-11-18 02:23:00'),(533,25.3029,5.71265,94.6177,7.17848,2.20681,26.8896,86.1172,0,0,2,'2024-11-18 03:23:00'),(534,71.3147,15.6147,51.4896,5.52117,0.944027,23.115,72.1869,0,0,2,'2024-11-18 04:23:00'),(535,92.6252,32.6091,72.2847,7.30763,1.17778,19.4988,69.4101,0,0,2,'2024-11-18 05:23:00'),(536,30.6191,21.8881,103.634,6.45125,1.88935,15.0671,57.1857,0,0,2,'2024-11-18 06:23:00'),(537,97.1266,22.2865,63.9952,6.1764,1.1442,17.5042,68.6895,0,0,2,'2024-11-18 07:23:00'),(538,53.0376,12.1822,144.987,6.11383,0.932671,24.1603,82.9674,0,0,2,'2024-11-18 08:23:00'),(539,94.7467,15.0953,145.504,6.66184,2.02201,24.8391,87.2223,0,0,2,'2024-11-18 09:23:00'),(540,25.8675,15.6116,125.934,6.60413,1.9912,28.9958,59.8982,0,0,2,'2024-11-18 10:23:00'),(541,84.4049,29.5896,69.8471,6.83334,1.01533,16.8044,71.3067,0,0,2,'2024-11-18 11:23:00'),(542,95.4202,6.92039,133.036,6.36402,1.74787,19.2952,65.413,0,0,2,'2024-11-18 12:23:00'),(543,29.2912,21.0729,95.5547,6.22448,2.12751,17.3775,61.5495,0,0,2,'2024-11-18 13:23:00'),(544,99.1102,44.4838,84.9292,5.53722,0.761458,25.2895,61.8819,0,0,2,'2024-11-18 14:23:00'),(545,77.1767,41.7341,107.442,6.43681,1.29415,25.171,88.0306,0,0,2,'2024-11-18 15:23:00'),(546,55.1373,34.086,92.9275,6.0154,2.07221,23.3883,71.4859,0,0,2,'2024-11-18 16:23:00'),(547,74.7165,47.0545,58.4431,7.19888,0.797978,17.2259,68.6689,0,0,2,'2024-11-18 17:23:00'),(548,99.6189,12.1372,61.1273,5.62053,1.96837,29.6232,51.8767,0,0,2,'2024-11-18 18:23:00'),(549,99.1635,5.65178,68.1041,7.299,1.13899,19.71,82.3311,0,0,2,'2024-11-18 19:23:00'),(550,88.014,48.2436,73.7895,6.31262,1.26155,29.9835,60.2715,0,0,2,'2024-11-18 20:23:00'),(551,57.0296,19.4522,80.2646,6.6728,2.22351,23.3818,73.6984,0,0,2,'2024-11-18 21:23:00'),(552,56.839,11.7595,133.413,5.65333,1.77835,25.2352,86.2073,0,0,2,'2024-11-18 22:23:00'),(553,49.3204,33.3283,52.8448,7.45958,2.25518,18.769,65.7506,0,0,2,'2024-11-18 23:23:00'),(554,56.0482,43.9827,66.8397,7.29555,0.971943,16.9528,77.3089,0,0,2,'2024-11-19 00:23:00'),(555,91.4757,10.6113,134.484,6.50788,0.80126,25.7992,64.2479,0,0,2,'2024-11-19 01:23:00'),(556,51.4954,25.0844,101.324,6.6103,2.29003,19.3756,70.2451,0,0,2,'2024-11-19 02:23:00'),(557,18.8975,28.1891,73.3851,5.80032,2.26213,23.3699,76.8245,0,0,2,'2024-11-19 03:23:00'),(558,49.3255,30.0788,87.4167,5.83277,1.80857,20.8907,81.719,0,0,2,'2024-11-19 04:23:00'),(559,53.2318,38.7428,114.744,7.10014,2.3308,16.8907,69.3949,0,0,2,'2024-11-19 05:23:00'),(560,42.3546,46.7158,90.4331,5.88845,1.64421,18.9422,83.1187,0,0,2,'2024-11-19 06:23:00'),(561,29.7143,8.09049,147.262,6.26947,0.670758,21.4618,56.7466,0,0,2,'2024-11-19 07:23:00'),(562,79.2682,44.1142,94.0389,6.76747,1.10629,27.256,71.188,0,0,2,'2024-11-19 08:23:00'),(563,81.0383,37.2082,78.7388,7.49416,0.929539,17.3089,75.4438,0,0,2,'2024-11-19 09:23:00'),(564,16.9674,14.4286,76.5023,6.29884,1.28447,15.2113,56.8954,0,0,2,'2024-11-19 10:23:00'),(565,91.9595,49.1157,127.919,6.34727,0.787912,20.9724,86.3961,0,0,2,'2024-11-19 11:23:00'),(566,25.0405,23.6516,81.0534,6.56189,2.4168,18.9396,81.5172,0,0,2,'2024-11-19 12:23:00'),(567,65.6601,29.0089,112.048,6.62168,1.95879,23.0183,80.9967,0,0,2,'2024-11-19 13:23:00'),(568,89.4347,11.8062,132.3,6.69025,1.10144,23.6988,69.4301,0,0,2,'2024-11-19 14:23:00'),(569,14.8985,22.6782,128.311,6.84923,1.16451,18.6487,86.5065,0,0,2,'2024-11-19 15:23:00'),(570,87.633,16.9147,124.575,6.83761,1.51017,27.768,59.1202,0,0,2,'2024-11-19 16:23:00'),(571,37.547,29.8128,103.569,5.7406,1.08567,15.7766,53.5145,0,0,2,'2024-11-19 17:23:00'),(572,73.3706,24.2238,97.6514,6.47821,1.30741,26.3545,74.5602,0,0,2,'2024-11-19 18:23:00'),(573,51.0657,48.433,119.904,5.54175,2.10038,15.3803,59.3585,0,0,2,'2024-11-19 19:23:00'),(574,92.6182,33.9678,85.369,6.37328,0.917561,17.5778,65.8897,0,0,2,'2024-11-19 20:23:00'),(575,23.0437,43.74,67.7843,6.45349,1.5824,22.3166,88.0361,0,0,2,'2024-11-19 21:23:00'),(576,30.4503,38.1211,61.3699,6.06587,0.604001,15.6052,75.063,0,0,2,'2024-11-19 22:23:00'),(577,78.7368,44.5306,65.2509,6.18781,0.879098,17.3001,71.3069,0,0,2,'2024-11-19 23:23:00'),(578,91.6259,11.9076,62.6143,5.72418,0.948774,19.3839,52.0454,0,0,2,'2024-11-20 00:23:00'),(579,59.2395,15.1723,86.1846,5.97713,1.08916,25.5375,73.5923,0,0,2,'2024-11-20 01:23:00'),(580,87.5889,19.5557,98.5233,6.18344,2.3462,21.0348,83.2731,0,0,2,'2024-11-20 02:23:00'),(581,22.2346,41.3563,52.7808,5.57956,2.01225,15.168,66.0621,0,0,2,'2024-11-20 03:23:00'),(582,61.1642,19.4993,84.4392,6.12912,1.9649,25.4045,82.0604,0,0,2,'2024-11-20 04:23:00'),(583,95.9261,42.9162,132.587,6.26224,0.876625,18.8619,81.9499,0,0,2,'2024-11-20 05:23:00'),(584,62.6413,6.57053,68.8773,6.67037,1.67079,17.1557,51.8868,0,0,2,'2024-11-20 06:23:00'),(585,26.8235,7.74061,105.223,7.41916,1.1679,15.5418,80.1237,0,0,2,'2024-11-20 07:23:00'),(586,95.0021,40.0482,143.785,6.52672,0.984293,19.1199,64.9964,0,0,2,'2024-11-20 08:23:00'),(587,59.6941,31.3386,81.5934,6.40312,1.89289,25.6462,50.8303,0,0,2,'2024-11-20 09:23:00'),(588,53.8108,25.7976,92.08,6.85201,0.689142,16.9912,78.1556,0,0,2,'2024-11-20 10:23:00'),(589,45.3842,28.9567,123.139,6.43826,0.895905,19.5601,54.9505,0,0,2,'2024-11-20 11:23:00'),(590,82.2063,37.841,102.169,6.36539,1.14583,25.9308,58.3719,0,0,2,'2024-11-20 12:23:00'),(591,25.4912,5.14544,137.775,6.48517,1.96035,27.626,77.4958,0,0,2,'2024-11-20 13:23:00'),(592,22.8686,18.48,95.0225,6.15259,0.510921,18.6362,72.2584,0,0,2,'2024-11-20 14:23:00'),(593,54.6139,45.034,91.0214,6.95556,2.4096,20.5901,83.2554,0,0,2,'2024-11-20 15:23:00'),(594,29.6578,20.8299,82.5612,7.27023,1.74218,19.0663,88.4128,0,0,2,'2024-11-20 16:23:00'),(595,62.4334,32.6449,146.179,6.57739,0.680781,20.4822,62.272,0,0,2,'2024-11-20 17:23:00'),(596,83.9108,42.981,124.738,5.87499,1.34584,28.3231,64.1808,0,0,2,'2024-11-20 18:23:00'),(597,48.7766,34.1381,141.069,7.21929,1.62456,17.142,70.2993,0,0,2,'2024-11-20 19:23:00'),(598,65.5331,28.7956,71.8759,6.05111,1.0173,18.8764,51.5352,0,0,2,'2024-11-20 20:23:00'),(599,46.9229,49.525,141.897,6.70439,1.46852,26.055,71.104,0,0,2,'2024-11-20 21:23:00'),(600,91.6324,18.4028,59.5963,6.22784,1.4484,16.399,51.1481,0,0,2,'2024-11-20 22:23:00'),(601,79.6412,32.3136,146.457,7.4727,1.83816,23.8652,86.6013,0,0,2,'2024-11-20 23:23:00'),(602,27.4368,22.7289,142.816,6.51514,0.794094,22.6937,51.9009,0,0,2,'2024-11-21 00:23:00'),(603,71.4515,27.7862,148.831,6.09947,2.25616,23.4141,68.5424,0,0,2,'2024-11-21 01:23:00'),(604,24.3509,5.27173,98.9408,6.42363,0.976156,20.1572,54.0081,0,0,2,'2024-11-21 02:23:00'),(605,44.2249,48.9408,69.9696,7.26013,2.48431,22.4596,86.6059,0,0,2,'2024-11-21 03:23:00'),(606,57.373,31.2933,81.5288,6.76395,2.25034,27.3065,57.0201,0,0,2,'2024-11-21 04:23:00'),(607,83.8183,16.1846,145.539,6.49743,1.32049,28.9046,61.2661,0,0,2,'2024-11-21 05:23:00'),(608,58.8968,46.5209,55.1439,7.05436,0.850943,27.1437,56.228,0,0,2,'2024-11-21 06:23:00'),(609,51.3055,41.8181,132.801,6.95142,2.32144,26.5021,57.8938,0,0,2,'2024-11-21 07:23:00'),(610,60.278,44.8732,72.8873,7.38376,0.784642,19.0184,71.621,0,0,2,'2024-11-21 08:23:00'),(611,17.9996,18.7073,100.789,7.01038,1.36616,23.0244,62.1586,0,0,2,'2024-11-21 09:23:00'),(612,69.4406,43.3833,77.5496,6.30897,0.78825,23.2137,83.2538,0,0,2,'2024-11-21 10:23:00'),(613,75.5589,46.2803,111.14,5.90981,0.550536,29.4856,63.3257,0,0,2,'2024-11-21 11:23:00'),(614,39.5768,23.4227,143.389,7.4117,1.0718,18.4269,52.7163,0,0,2,'2024-11-21 12:23:00'),(615,59.9472,19.9156,88.2066,5.76478,2.06634,22.5374,65.8129,0,0,2,'2024-11-21 13:23:00'),(616,99.0309,47.6171,123.132,6.17694,2.17411,22.8064,62.8262,0,0,2,'2024-11-21 14:23:00'),(617,93.2698,36.969,72.9634,6.06848,1.97418,24.6974,68.6501,0,0,2,'2024-11-21 15:23:00'),(618,15.4524,48.0947,123.671,5.75061,0.723916,24.3717,58.4901,0,0,2,'2024-11-21 16:23:00'),(619,10.123,42.7416,149.781,5.61012,1.37562,25.8375,82.4441,0,0,2,'2024-11-21 17:23:00'),(620,32.9438,31.2287,145.623,6.45568,1.37986,23.1359,54.6021,0,0,2,'2024-11-21 18:23:00'),(621,90.1737,23.1153,105.274,6.98589,1.76174,28.4919,80.7084,0,0,2,'2024-11-21 19:23:00'),(622,52.9339,44.708,91.7569,7.47902,0.98152,23.7037,50.4824,0,0,2,'2024-11-21 20:23:00'),(623,33.2512,44.3967,88.9831,6.19435,0.741582,16.3293,61.77,0,0,2,'2024-11-21 21:23:00'),(624,56.4196,37.0154,59.2716,6.58675,0.738757,19.6971,74.1324,0,0,2,'2024-11-21 22:23:00'),(625,57.9637,36.1079,73.4923,6.86624,2.16384,21.5203,80.8924,0,0,2,'2024-11-21 23:23:00'),(626,89.4356,41.7915,69.4099,6.16947,0.992087,25.5468,82.3269,0,0,2,'2024-11-22 00:23:00'),(627,58.2581,39.5944,50.9608,6.5772,1.08094,27.9668,89.2462,0,0,2,'2024-11-22 01:23:00'),(628,77.4956,7.28191,70.4713,5.97104,1.49764,25.4583,61.9857,0,0,2,'2024-11-22 02:23:00'),(629,77.5685,18.2196,124.093,6.91373,1.53831,17.3969,58.3754,0,0,2,'2024-11-22 03:23:00'),(630,51.9501,17.1788,123.757,5.82313,2.22089,26.2433,52.5892,0,0,2,'2024-11-22 04:23:00'),(631,69.5807,5.091,132.762,5.97954,1.53194,18.2085,84.099,0,0,2,'2024-11-22 05:23:00'),(632,43.6882,17.4601,71.5096,6.68037,2.48867,21.438,71.735,0,0,2,'2024-11-22 06:23:00'),(633,25.0772,44.1427,53.3508,6.80836,1.59867,20.2429,53.1217,0,0,2,'2024-11-22 07:23:00'),(634,16.0902,14.2672,73.9161,6.33498,1.7147,21.4786,60.8705,0,0,2,'2024-11-22 08:23:00'),(635,38.0587,38.2498,113.834,5.91375,2.06939,27.5209,69.8766,0,0,2,'2024-11-22 09:23:00'),(636,71.6714,31.8709,95.6783,7.23463,2.43443,16.05,69.0917,0,0,2,'2024-11-22 10:23:00'),(637,22.5238,46.0523,140.044,7.36789,0.708063,20.014,62.8936,0,0,2,'2024-11-22 11:23:00'),(638,52.0335,43.4161,60.1761,6.78431,1.50537,17.2936,75.2366,0,0,2,'2024-11-22 12:23:00'),(639,27.0514,16.6623,135.895,6.11981,1.82319,26.8026,69.7653,0,0,2,'2024-11-22 13:23:00'),(640,26.0575,42.7155,106.526,6.32379,1.30352,15.23,87.243,0,0,2,'2024-11-22 14:23:00'),(641,36.0453,23.7178,104.783,5.74485,1.65962,20.8003,87.4745,0,0,2,'2024-11-22 15:23:00'),(642,40.4027,40.3173,86.5522,6.97893,1.60745,29.8122,70.6276,0,0,2,'2024-11-22 16:23:00'),(643,26.6016,15.1454,144.181,7.41019,0.7267,20.8158,56.696,0,0,2,'2024-11-22 17:23:00'),(644,51.0626,47.8466,128.072,6.11266,1.45936,26.9443,68.9992,0,0,2,'2024-11-22 18:23:00'),(645,21.5279,13.2906,86.311,5.56788,0.760106,19.8561,75.903,0,0,2,'2024-11-22 19:23:00'),(646,89.4379,49.491,122.218,6.33113,1.27139,21.0937,73.2497,0,0,2,'2024-11-22 20:23:00'),(647,65.7084,30.7701,74.0048,5.65325,2.03062,18.0959,55.4023,0,0,2,'2024-11-22 21:23:00'),(648,46.7314,25.7081,65.4407,6.4929,2.13965,28.5432,64.6181,0,0,2,'2024-11-22 22:23:00'),(649,78.6892,37.0939,60.1965,6.03208,1.9548,22.8936,86.7209,0,0,2,'2024-11-22 23:23:00'),(650,22.5131,14.2417,135.496,7.4421,1.94667,19.412,52.1365,0,0,2,'2024-11-23 00:23:00'),(651,93.119,15.1888,81.718,5.94036,1.48218,15.6018,52.8304,0,0,2,'2024-11-23 01:23:00'),(652,70.1079,49.4704,146.309,5.61621,1.13942,28.1487,51.6712,0,0,2,'2024-11-23 02:23:00'),(653,41.464,34.8209,118.728,7.1614,2.17073,15.1297,72.4332,0,0,2,'2024-11-23 03:23:00'),(654,11.8324,19.2543,93.1896,5.71557,2.47141,20.5253,82.4628,0,0,2,'2024-11-23 04:23:00'),(655,65.7011,22.9189,93.7037,7.40879,0.851645,19.0711,56.5595,0,0,2,'2024-11-23 05:23:00'),(656,19.294,45.6249,75.9007,6.41062,1.25424,24.8679,52.179,0,0,2,'2024-11-23 06:23:00'),(657,58.4873,30.6426,82.5194,6.3869,1.99953,18.8175,76.514,0,0,2,'2024-11-23 07:23:00'),(658,49.5044,33.5081,134.413,7.23167,2.48561,24.7166,77.3841,0,0,2,'2024-11-23 08:23:00'),(659,11.6569,7.90277,148.257,6.60556,0.548983,28.3537,61.628,0,0,2,'2024-11-23 09:23:00'),(660,22.6939,36.0483,86.503,7.44985,2.14901,16.137,57.5119,0,0,2,'2024-11-23 10:23:00'),(661,60.2821,48.1606,61.3285,5.87692,1.45229,27.2507,75.5365,0,0,2,'2024-11-23 11:23:00'),(662,15.2063,35.0301,63.6015,6.27424,0.63361,18.5418,50.7681,0,0,2,'2024-11-23 12:23:00'),(663,94.6588,35.9061,120.361,6.62567,1.17693,21.0038,50.2165,0,0,2,'2024-11-23 13:23:00'),(664,76.0283,8.60014,122.044,5.88019,0.783029,28.4228,77.0877,0,0,2,'2024-11-23 14:23:00'),(665,28.9647,7.05547,115.283,5.61874,1.73431,27.8754,65.0289,0,0,2,'2024-11-23 15:23:00'),(666,47.6818,30.4191,145.54,6.4804,2.02097,22.4204,57.7057,0,0,2,'2024-11-23 16:23:00'),(667,74.1699,19.9307,105.722,6.77534,1.72803,20.8623,73.7027,0,0,2,'2024-11-23 17:23:00'),(668,10.9033,22.1979,72.9651,6.11131,0.637762,26.042,73.6749,0,0,2,'2024-11-23 18:23:00'),(669,45.1916,14.2849,65.8643,6.1953,1.37129,26.0843,66.1926,0,0,2,'2024-11-23 19:23:00'),(670,48.4127,18.1247,79.8831,5.63011,2.45516,17.5167,69.1233,0,0,2,'2024-11-23 20:23:00'),(671,21.7332,38.833,110.28,5.91092,1.52468,28.9888,66.4907,0,0,2,'2024-11-23 21:23:00'),(672,37.3184,33.948,65.2068,5.55966,1.39073,16.1574,73.2896,0,0,2,'2024-11-23 22:23:00'),(673,23.5112,32.5726,102.8,5.95037,1.05577,19.5594,67.1755,0,0,2,'2024-11-23 23:23:00'),(674,88.3594,12.2692,86.88,5.78462,1.24358,24.9874,51.0252,0,0,2,'2024-11-24 00:23:00'),(675,13.7647,19.2573,144.093,6.92048,1.29465,26.7084,52.064,0,0,2,'2024-11-24 01:23:00'),(676,11.1797,10.8988,53.6861,7.16302,0.89422,16.7579,61.7716,0,0,2,'2024-11-24 02:23:00'),(677,89.5733,25.8765,55.3829,5.56116,1.5731,15.4686,88.8212,0,0,2,'2024-11-24 03:23:00'),(678,58.056,9.86496,113.899,6.58177,1.13706,21.7373,58.7463,0,0,2,'2024-11-24 04:23:00'),(679,83.1965,11.6083,56.0977,7.10754,2.04619,25.0642,60.6648,0,0,2,'2024-11-24 05:23:00'),(680,39.9671,12.4497,142.4,6.15835,2.48542,22.0681,58.3171,0,0,2,'2024-11-24 06:23:00'),(681,33.989,17.8345,81.5262,6.17091,1.32188,29.7246,72.3648,0,0,2,'2024-11-24 07:23:00'),(682,48.6537,42.0176,141.854,6.70878,1.41219,29.1248,60.9818,0,0,2,'2024-11-24 08:23:00'),(683,38.1152,17.3728,54.4484,5.56839,2.41766,28.9953,76.1155,0,0,2,'2024-11-24 09:23:00'),(684,14.8942,44.985,59.495,6.67497,0.940183,27.8043,59.6256,0,0,2,'2024-11-24 10:23:00'),(685,63.0824,22.3041,120.462,7.23198,2.46333,16.1518,64.6019,0,0,2,'2024-11-24 11:23:00'),(686,66.8134,14.3426,130.404,5.97235,0.672647,18.332,53.386,0,0,2,'2024-11-24 12:23:00'),(687,24.8928,48.1769,111.459,7.19087,1.12795,29.596,63.163,0,0,2,'2024-11-24 13:23:00'),(688,32.4298,13.6101,76.1304,5.96387,2.12235,20.4995,71.2728,0,0,2,'2024-11-24 14:23:00'),(689,29.1483,28.2141,64.089,6.35224,0.681835,20.1209,87.6495,0,0,2,'2024-11-24 15:23:00'),(690,33.6284,16.2735,75.1767,6.71242,1.07717,21.0863,52.4532,0,0,2,'2024-11-24 16:23:00'),(691,44.0218,18.5146,95.5342,6.30574,0.851927,15.1508,70.1381,0,0,2,'2024-11-24 17:23:00'),(692,83.6934,43.7036,66.3723,6.27818,1.19965,28.2813,61.7493,0,0,2,'2024-11-24 18:23:00'),(693,38.6522,21.4497,56.7756,5.87107,2.01679,26.1079,74.5135,0,0,2,'2024-11-24 19:23:00'),(694,69.5015,39.6743,111.873,5.79619,2.46182,18.714,70.8079,0,0,2,'2024-11-24 20:23:00'),(695,25.3757,14.449,65.3502,7.16115,1.49681,20.6029,83.1589,0,0,2,'2024-11-24 21:23:00'),(696,12.948,44.5602,138.878,6.44796,2.28651,17.5733,88.7365,0,0,2,'2024-11-24 22:23:00'),(697,44.7735,37.1094,106.959,6.20762,0.898664,24.0389,64.0579,0,0,2,'2024-11-24 23:23:00'),(698,84.2389,35.404,146.242,5.63807,1.66472,18.1383,60.7784,0,0,2,'2024-11-25 00:23:00'),(699,40.1993,16.456,114.412,6.52049,0.586387,17.3848,75.9534,0,0,2,'2024-11-25 01:23:00'),(700,44.9111,27.5874,72.4711,6.04176,0.512713,23.6603,77.1519,0,0,2,'2024-11-25 02:23:00'),(701,29.9997,11.6189,65.7867,5.72607,1.99603,17.4868,60.5154,0,0,2,'2024-11-25 03:23:00'),(702,16.1029,20.767,99.3434,6.55653,1.85648,24.2076,66.2468,0,0,2,'2024-11-25 04:23:00'),(703,53.3565,24.4567,96.2217,7.08126,1.65291,22.2406,60.1741,0,0,2,'2024-11-25 05:23:00'),(704,67.0095,11.6487,129.034,6.18105,1.40957,24.542,75.5891,0,0,2,'2024-11-25 06:23:00'),(705,92.1886,43.3984,67.4647,5.53545,1.18117,24.7731,58.5744,0,0,2,'2024-11-25 07:23:00'),(706,73.262,5.30846,136.07,5.83755,1.27976,16.1973,60.7525,0,0,2,'2024-11-25 08:23:00'),(707,54.3214,19.4644,119.687,6.10415,1.54957,25.814,89.4453,0,0,2,'2024-11-25 09:23:00'),(708,61.4114,43.5445,140.868,5.68058,1.37718,24.9774,69.499,0,0,2,'2024-11-25 10:23:00'),(709,62.0026,40.6666,103.113,5.74976,2.04678,21.5046,66.1432,0,0,2,'2024-11-25 11:23:00'),(710,39.508,13.3148,59.9939,7.30478,2.16965,23.0206,86.0471,0,0,2,'2024-11-25 12:23:00'),(711,72.1376,19.4572,124.494,5.65184,0.774717,17.7252,77.5683,0,0,2,'2024-11-25 13:23:00'),(712,26.5717,17.3625,100.228,6.83028,0.540931,18.1342,50.4378,0,0,2,'2024-11-25 14:23:00'),(713,18.5418,35.3349,89.4792,6.45305,0.913167,29.9086,71.1632,0,0,2,'2024-11-25 15:23:00'),(714,22.186,14.0172,79.4057,6.02491,0.600645,27.7855,55.4336,0,0,2,'2024-11-25 16:23:00'),(715,12.2131,16.6278,101.673,7.35716,1.86676,18.6038,66.7503,0,0,2,'2024-11-25 17:23:00'),(716,36.5166,44.0358,88.5903,5.9764,1.6829,16.499,61.6032,0,0,2,'2024-11-25 18:23:00'),(717,54.8117,31.0332,104.522,5.70763,0.779564,16.7442,55.5355,0,0,2,'2024-11-25 19:23:00'),(718,12.3267,20.8377,55.1998,7.02025,1.50444,26.7727,68.9116,0,0,2,'2024-11-25 20:23:00'),(719,83.8566,21.342,68.6537,7.13054,1.90264,20.9281,78.9002,0,0,2,'2024-11-25 21:23:00'),(720,68.7133,43.1429,130.949,6.55646,1.17626,19.2275,67.8481,0,0,2,'2024-11-25 22:23:00'),(721,10.2683,46.2305,64.3105,6.10754,1.13511,20.9419,64.3071,0,0,2,'2024-11-25 23:23:00'),(722,85.7065,10.4803,56.4673,6.34603,1.01241,25.6407,71.3203,0,0,2,'2024-11-26 00:23:00'),(723,60.5009,19.6577,138.372,5.52442,1.70302,22.9418,71.734,0,0,2,'2024-11-26 01:23:00'),(724,34.783,36.3874,54.439,6.93093,1.72449,28.5853,73.4076,0,0,2,'2024-11-26 02:23:00'),(725,90.8473,33.3226,145.638,5.68156,1.05082,24.0747,74.7986,0,0,2,'2024-11-26 03:23:00'),(726,16.2796,18.3425,76.6312,5.502,0.600173,21.531,82.9673,0,0,2,'2024-11-26 04:23:00'),(727,58.6834,43.4318,121.286,7.43523,0.961622,29.3824,75.6643,0,0,2,'2024-11-26 05:23:00'),(728,63.877,41.0796,137.643,6.06829,1.40485,28.0473,56.4282,0,0,2,'2024-11-26 06:23:00'),(729,22.9647,46.5641,93.2833,6.95599,1.08551,27.3384,85.5875,0,0,2,'2024-11-26 07:23:00'),(730,42.1885,35.3438,54.5268,6.52395,0.778536,17.6497,74.6504,0,0,2,'2024-11-26 08:23:00'),(731,85.7015,44.3789,141.411,5.66911,0.607218,22.3835,76.3862,0,0,2,'2024-11-26 09:23:00'),(732,18.9265,40.6412,133.165,6.59777,0.818959,20.4418,80.4616,0,0,2,'2024-11-26 10:23:00'),(733,89.3157,22.3507,76.5951,5.81506,1.18028,17.111,71.4182,0,0,2,'2024-11-26 11:23:00'),(734,98.9367,11.4804,116.769,6.36067,0.894044,15.3023,55.2012,0,0,2,'2024-11-26 12:23:00'),(735,61.2358,12.7584,83.5253,7.45394,1.60805,29.0181,77.9106,0,0,2,'2024-11-26 13:23:00'),(736,74.823,12.5711,145.574,5.62546,1.67104,17.9577,68.0012,0,0,2,'2024-11-26 14:23:00'),(737,67.6275,18.6393,117.08,7.43435,0.844849,19.2755,74.6047,0,0,2,'2024-11-26 15:23:00'),(738,97.0244,25.525,120.447,6.25746,2.00172,21.6781,55.4584,0,0,2,'2024-11-26 16:23:00'),(739,81.8158,25.6905,130,6.44118,1.1062,20.8158,50.0378,0,0,2,'2024-11-26 17:23:00'),(740,89.7735,41.3086,112.493,5.61611,2.02314,28.998,69.5417,0,0,2,'2024-11-26 18:23:00'),(741,18.6711,28.5556,128.766,7.02817,0.524366,23.3391,62.2338,0,0,2,'2024-11-26 19:23:00'),(742,58.217,41.4775,121.863,6.32411,2.03825,17.5665,67.0605,0,0,2,'2024-11-26 20:23:00'),(743,64.1544,21.2862,78.6735,6.51139,0.967272,21.2119,74.2493,0,0,2,'2024-11-26 21:23:00'),(744,85.4442,9.56898,91.0742,7.46578,0.786224,19.5483,73.9936,0,0,2,'2024-11-26 22:23:00'),(745,59.9364,29.1496,119.143,7.07573,0.674013,24.1403,74.3799,0,0,2,'2024-11-26 23:23:00'),(746,87.1837,39.7205,118.995,5.76075,1.78053,23.9414,56.3788,0,0,2,'2024-11-27 00:23:00'),(747,23.5074,29.8628,101.874,6.23143,2.43207,20.7338,56.1157,0,0,2,'2024-11-27 01:23:00'),(748,41.8656,18.2185,138.874,6.03806,1.24626,19.725,78.8513,0,0,2,'2024-11-27 02:23:00'),(749,16.8225,11.8173,69.7628,7.2475,2.23588,18.9291,76.8336,0,0,2,'2024-11-27 03:23:00'),(750,60.8862,10.2421,121.678,7.33471,2.43167,20.3351,79.3466,0,0,2,'2024-11-27 04:23:00'),(751,17.8188,23.6223,66.7662,5.53429,2.23654,15.8446,86.8395,0,0,2,'2024-11-27 05:23:00'),(752,45.2102,31.3444,104.065,7.23412,1.59854,17.0448,80.84,0,0,2,'2024-11-27 06:23:00'),(753,74.5807,44.7941,135.174,7.34975,1.31279,16.8153,82.7798,0,0,2,'2024-11-27 07:23:00'),(754,52.7517,38.2449,119.55,6.18189,0.868356,24.5137,67.1351,0,0,2,'2024-11-27 08:23:00'),(755,53.6107,10.1255,140.104,6.84761,2.41728,20.8585,82.1954,0,0,2,'2024-11-27 09:23:00'),(756,32.6777,43.715,60.1901,6.60196,2.48044,15.8292,88.1861,0,0,2,'2024-11-27 10:23:00'),(757,25.7548,8.92921,142.758,6.9858,1.18598,25.1517,88.9036,0,0,2,'2024-11-27 11:23:00'),(758,54.9794,35.9943,97.4087,7.30107,1.41981,17.7452,70.6643,0,0,2,'2024-11-27 12:23:00'),(759,60.41,11.5475,59.2459,7.45941,2.14069,20.818,70.6013,0,0,2,'2024-11-27 13:23:00'),(760,36.8676,24.9042,99.4897,5.96006,1.53936,29.3258,63.5203,0,0,2,'2024-11-27 14:23:00'),(761,44.4857,18.3277,68.3148,6.6066,1.77471,24.3916,58.8607,0,0,2,'2024-11-27 15:23:00'),(762,43.0477,38.017,90.2938,5.76194,1.44237,26.9911,88.4284,0,0,2,'2024-11-27 16:23:00'),(763,18.1796,17.8181,71.9811,6.54611,0.53595,23.747,83.1314,0,0,2,'2024-11-27 17:23:00'),(764,91.6968,5.7241,97.8721,6.37971,2.24585,24.5154,74.4679,0,0,2,'2024-11-27 18:23:00'),(765,19.3271,33.5175,68.6506,6.49031,0.593837,27.4536,86.3675,0,0,2,'2024-11-27 19:23:00'),(766,23.851,8.78721,110.79,5.9546,2.2775,26.384,73.0893,0,0,2,'2024-11-27 20:23:00'),(767,11.2326,22.1693,130.151,6.3115,0.828298,21.6657,83.6405,0,0,2,'2024-11-27 21:23:00'),(768,67.9936,19.5485,136.32,6.51871,1.87049,28.7973,87.7383,0,0,2,'2024-11-27 22:23:00'),(769,58.904,37.117,143.532,6.8183,0.780386,19.8493,80.4291,0,0,2,'2024-11-27 23:23:00'),(770,76.7084,23.1354,131.42,7.14629,2.27503,25.6769,50.8435,0,0,2,'2024-11-28 00:23:00'),(771,13.5495,24.6843,144.249,7.13862,1.36054,23.9994,57.5862,0,0,2,'2024-11-28 01:23:00'),(772,16.5948,30.6651,66.2157,7.1651,2.46667,18.4101,52.1885,0,0,2,'2024-11-28 02:23:00'),(773,80.7442,36.3005,80.5485,5.50589,1.71375,26.113,67.2241,0,0,2,'2024-11-28 03:23:00'),(774,86.6418,48.7036,141.701,7.3445,0.529938,23.7639,71.2861,0,0,2,'2024-11-28 04:23:00'),(775,56.4121,13.5813,65.7504,6.46442,1.94491,17.9569,82.0709,0,0,2,'2024-11-28 05:23:00'),(776,72.3538,7.11824,138.545,7.19872,0.963209,27.4954,62.3243,0,0,2,'2024-11-28 06:23:00'),(777,24.7835,26.0339,86.9551,7.17104,0.588516,16.6473,76.3706,0,0,2,'2024-11-28 07:23:00'),(778,41.9744,28.9323,100.523,7.2821,2.40554,24.6051,83.7365,0,0,2,'2024-11-28 08:23:00'),(779,96.4145,9.80546,120.233,5.93458,1.24183,18.0053,83.8572,0,0,2,'2024-11-28 09:23:00'),(780,19.8831,10.1696,69.7907,6.57068,1.50297,17.663,59.6875,0,0,2,'2024-11-28 10:23:00'),(781,32.0599,44.2623,89.7365,6.3918,1.33386,29.9575,68.7348,0,0,2,'2024-11-28 11:23:00'),(782,88.8439,10.4232,66.7426,5.9006,1.3911,15.9175,68.4539,0,0,2,'2024-11-28 12:23:00'),(783,18.9619,35.3245,80.8829,7.35261,0.957948,27.8907,85.0093,0,0,2,'2024-11-28 13:23:00'),(784,67.1052,43.9243,60.546,6.31053,1.36406,22.5262,69.9874,0,0,2,'2024-11-28 14:23:00'),(785,18.2194,8.4451,89.1326,6.51962,2.06376,24.9924,79.6002,0,0,2,'2024-11-28 15:23:00'),(786,66.706,39.4605,87.5766,5.91122,1.66721,15.2597,77.5692,0,0,2,'2024-11-28 16:23:00'),(787,10.2486,37.1496,101.787,5.57875,0.599637,27.9675,79.9293,0,0,2,'2024-11-28 17:23:00'),(788,95.1325,46.0472,116.577,5.75377,2.26621,24.8736,83.7003,0,0,2,'2024-11-28 18:23:00'),(789,37.2475,41.5481,83.858,6.88248,2.45353,24.967,56.6121,0,0,2,'2024-11-28 19:23:00'),(790,47.1686,31.1419,111.644,5.74079,1.7874,20.2468,74.3049,0,0,2,'2024-11-28 20:23:00'),(791,89.1271,24.7947,74.7487,7.25055,0.878876,22.5919,86.1907,0,0,2,'2024-11-28 21:23:00'),(792,88.8873,42.412,68.4688,5.99355,0.693115,27.4342,70.1356,0,0,2,'2024-11-28 22:23:00'),(793,31.5669,49.5042,128.376,6.11948,1.98343,27.2512,77.927,0,0,2,'2024-11-28 23:23:00'),(794,94.1325,32.7571,95.5084,5.8944,1.06603,28.4956,88.0906,0,0,2,'2024-11-29 00:23:00'),(795,77.3528,17.6711,107.617,5.52606,2.15095,26.9914,66.9735,0,0,2,'2024-11-29 01:23:00'),(796,52.4152,35.0354,86.1784,5.99252,1.44333,24.0601,60.395,0,0,2,'2024-11-29 02:23:00'),(797,97.1373,14.8954,119.923,5.58861,2.02526,24.1435,55.7195,0,0,2,'2024-11-29 03:23:00'),(798,59.609,39.0057,77.1759,6.42758,1.43471,29.3575,76.8753,0,0,2,'2024-11-29 04:23:00'),(799,89.1466,15.7901,93.9637,5.64266,1.73431,28.4593,70.9337,0,0,2,'2024-11-29 05:23:00'),(800,16.2085,19.8562,60.7037,6.82347,2.253,21.2786,78.3189,0,0,2,'2024-11-29 06:23:00'),(801,41.7367,16.8515,81.0658,6.63988,0.905468,26.375,81.9584,0,0,2,'2024-11-29 07:23:00'),(802,33.7052,20.0375,71.0205,5.62817,2.10532,17.3284,55.7374,0,0,2,'2024-11-29 08:23:00'),(803,96.1151,6.938,89.7963,6.7987,0.763767,16.367,72.942,0,0,2,'2024-11-29 09:23:00'),(804,73.4267,46.9936,50.6283,6.64025,2.09461,17.1038,56.7412,0,0,2,'2024-11-29 10:23:00'),(805,86.9178,33.1123,72.9624,7.24884,0.912263,20.1224,72.8406,0,0,2,'2024-11-29 11:23:00'),(806,30.3801,29.8459,96.0082,5.79535,1.13599,20.9503,73.9679,0,0,2,'2024-11-29 12:23:00'),(807,81.6832,39.1153,124.771,6.67702,0.865747,20.8034,57.5642,0,0,2,'2024-11-29 13:23:00'),(808,92.0292,9.49084,130.768,7.14949,1.10228,27.9977,53.5185,0,0,2,'2024-11-29 14:23:00'),(809,50.6885,40.5012,98.3485,6.59831,0.571212,15.5821,73.4572,0,0,2,'2024-11-29 15:23:00'),(810,44.7464,42.8773,91.4405,6.4495,1.14479,21.8241,67.0129,0,0,2,'2024-11-29 16:23:00'),(811,31.5779,11.7791,136.467,7.08328,2.26624,28.7024,74.6483,0,0,2,'2024-11-29 17:23:00'),(812,39.5845,47.196,104.406,6.2275,2.09007,23.7833,82.9769,0,0,2,'2024-11-29 18:23:00'),(813,54.6821,43.5112,97.6078,6.74887,2.02832,20.1407,66.9905,0,0,2,'2024-11-29 19:23:00'),(814,21.2699,21.5071,75.6144,7.45316,1.21075,15.1549,68.5234,0,0,2,'2024-11-29 20:23:00'),(815,17.6838,33.868,98.0908,5.54377,0.619869,22.6343,85.1486,0,0,2,'2024-11-29 21:23:00'),(816,99.7018,48.5828,68.0771,7.40863,0.776764,23.4194,57.9172,0,0,2,'2024-11-29 22:23:00'),(817,72.2347,19.3669,108.194,6.10824,0.77421,23.7539,61.0481,0,0,2,'2024-11-29 23:23:00'),(818,57.7769,15.5691,80.5812,6.30887,2.40867,22.267,60.59,0,0,2,'2024-11-30 00:23:00'),(819,80.8183,44.463,101.92,6.13728,0.646499,27.6777,83.7873,0,0,2,'2024-11-30 01:23:00'),(820,33.1591,20.7074,103.317,6.99315,2.48983,23.4157,66.3659,0,0,2,'2024-11-30 02:23:00'),(821,44.8004,22.3904,142.604,6.11227,2.38211,15.4671,58.6166,0,0,2,'2024-11-30 03:23:00'),(822,91.3982,21.8033,91.9012,6.58143,1.71586,28.3181,67.1197,0,0,2,'2024-11-30 04:23:00'),(823,80.479,20.5446,75.4197,7.18589,2.08315,22.3941,71.8364,0,0,2,'2024-11-30 05:23:00'),(824,58.7832,48.0765,149.256,7.11828,0.502101,18.5074,64.4266,0,0,2,'2024-11-30 06:23:00'),(825,27.7639,48.0072,137.101,5.54108,0.766164,29.1316,57.3719,0,0,2,'2024-11-30 07:23:00'),(826,16.8681,36.1154,86.3313,6.87682,0.552644,23.8246,69.3737,0,0,2,'2024-11-30 08:23:00'),(827,13.3172,36.2614,86.1562,5.94643,1.1955,24.3126,85.5973,0,0,2,'2024-11-30 09:23:00'),(828,42.8247,8.89708,122.758,7.08341,0.959378,29.4687,70.748,0,0,2,'2024-11-30 10:23:00'),(829,76.8546,12.7738,135.593,7.15246,1.25812,17.7689,77.2243,0,0,2,'2024-11-30 11:23:00'),(830,57.4083,36.0373,96.4404,5.60204,2.03099,22.8173,77.0287,0,0,2,'2024-11-30 12:23:00'),(831,64.8192,45.3052,107.565,6.22463,2.47041,29.8391,70.3834,0,0,2,'2024-11-30 13:23:00'),(832,38.038,9.81952,98.6866,6.00707,2.12149,23.3115,67.9171,0,0,2,'2024-11-30 14:23:00'),(833,20.9295,32.3519,61.6615,6.92394,2.42206,19.0458,71.5076,0,0,2,'2024-11-30 15:23:00'),(834,74.9838,16.8484,79.892,6.1798,0.630992,22.1863,85.2022,0,0,2,'2024-11-30 16:23:00'),(835,36.8715,46.1781,81.6439,5.94681,2.01645,17.099,58.1682,0,0,2,'2024-11-30 17:23:00'),(836,55.0898,15.2401,114.201,7.17334,1.03255,25.5619,63.8985,0,0,2,'2024-11-30 18:23:00'),(837,46.9505,38.9785,137.798,5.64922,2.32204,22.1681,67.8583,0,0,2,'2024-11-30 19:23:00'),(838,85.0672,40.9886,112.826,5.78658,1.29805,16.1272,51.709,0,0,2,'2024-11-30 20:23:00'),(839,83.903,37.5226,66.3999,6.62252,1.15005,16.729,60.2208,0,0,2,'2024-11-30 21:23:00'),(840,45.288,18.9466,63.2231,6.39059,2.2735,25.9174,69.1035,0,0,2,'2024-11-30 22:23:00'),(841,32.8175,18.3223,54.1287,6.83451,0.947054,26.3431,76.1876,0,0,2,'2024-11-30 23:23:00'),(842,34.6772,7.74956,68.6597,5.86463,2.36714,28.1091,87.0885,0,0,2,'2024-12-01 00:23:00'),(843,49.5875,23.3911,97.7951,5.6988,1.17674,22.9468,73.5678,0,0,2,'2024-12-01 01:23:00'),(844,40.7116,33.7657,141.4,5.75857,1.1349,22.8438,88.9079,0,0,2,'2024-12-01 02:23:00'),(845,79.2158,12.7148,104.601,6.6262,2.02379,15.7592,61.4571,0,0,2,'2024-12-01 03:23:00'),(846,61.9211,41.3203,61.2554,7.24995,2.06574,20.4513,54.8039,0,0,2,'2024-12-01 04:23:00'),(847,86.9807,31.5502,62.6805,5.50615,1.573,26.2107,55.8747,0,0,2,'2024-12-01 05:23:00'),(848,43.9738,32.0251,137.604,6.01899,1.49037,15.091,73.785,0,0,2,'2024-12-01 06:23:00'),(849,35.1653,43.8169,137.263,5.65983,1.9145,26.0895,86.1815,0,0,2,'2024-12-01 07:23:00'),(850,91.7109,19.1997,105.456,7.23258,1.52983,19.3358,66.0439,0,0,2,'2024-12-01 08:23:00'),(851,34.8885,15.8543,146.888,7.3023,1.94473,22.7025,66.3585,0,0,2,'2024-12-01 09:23:00'),(852,50.3362,18.2691,118.686,5.61794,1.67477,28.9442,66.4754,0,0,2,'2024-12-01 10:23:00'),(853,68.3914,34.5663,56.584,7.14502,2.07441,27.6579,87.9965,0,0,2,'2024-12-01 11:23:00'),(854,51.3139,15.4398,84.1805,5.65123,2.24395,22.9457,52.4477,0,0,2,'2024-12-01 12:23:00'),(855,97.4784,18.0818,122.338,6.30131,0.711115,20.9941,75.3406,0,0,2,'2024-12-01 13:23:00'),(856,33.0223,34.5731,76.7302,5.70975,1.63819,19.3373,65.9491,0,0,2,'2024-12-01 14:23:00'),(857,47.9614,22.8283,70.4905,5.96759,2.45201,29.3194,56.7904,0,0,2,'2024-12-01 15:23:00'),(858,78.251,30.49,136.705,5.57261,1.24288,27.7325,81.6217,0,0,2,'2024-12-01 16:23:00'),(859,33.3954,41.6587,70.9643,6.43038,2.22672,16.022,55.9576,0,0,2,'2024-12-01 17:23:00'),(860,45.0414,38.1962,148.276,5.52095,1.11374,23.7657,64.9255,0,0,2,'2024-12-01 18:23:00'),(861,92.1575,35.4428,108.546,5.81694,1.0835,16.4441,62.4528,0,0,2,'2024-12-01 19:23:00'),(862,50.6629,25.3306,136.93,6.83008,1.69901,22.0695,52.7963,0,0,2,'2024-12-01 20:23:00'),(863,65.7229,19.7637,112.925,7.03537,0.682114,20.708,52.8173,0,0,2,'2024-12-01 21:23:00'),(864,39.033,33.7818,85.7463,5.95344,1.31289,18.6398,82.5175,0,0,2,'2024-12-01 22:23:00'),(865,48.4854,26.9995,76.3793,6.15688,2.06595,29.8192,68.7489,0,0,2,'2024-12-01 23:23:00'),(866,98.3178,26.8052,128.924,6.98964,2.06193,27.4358,81.897,0,0,2,'2024-12-02 00:23:00'),(867,39.5499,25.8115,145.923,6.61054,0.740286,26.0988,59.8262,0,0,2,'2024-12-02 01:23:00'),(868,75.4078,16.2319,50.2968,5.85272,0.744941,18.6412,71.5732,0,0,2,'2024-12-02 02:23:00'),(869,75.3578,33.408,149.295,5.72826,1.72935,20.6246,65.4658,0,0,2,'2024-12-02 03:23:00'),(870,73.9924,28.443,58.8331,5.72099,0.560785,27.19,52.9748,0,0,2,'2024-12-02 04:23:00'),(871,29.133,49.6842,130.509,7.10003,0.896808,20.4684,63.48,0,0,2,'2024-12-02 05:23:00'),(872,89.7933,35.1491,63.4262,6.52466,2.05207,26.6384,57.8133,0,0,2,'2024-12-02 06:23:00'),(873,93.2147,44.5704,149.128,6.82553,1.39573,23.1143,50.0691,0,0,2,'2024-12-02 07:23:00'),(874,49.5448,47.3294,103.877,7.15914,1.38007,20.6716,65.8951,0,0,2,'2024-12-02 08:23:00'),(875,25.5231,23.8316,58.7649,6.02768,1.67477,19.0108,79.9937,0,0,2,'2024-12-02 09:23:00'),(876,52.5392,45.5439,114.627,7.20456,2.1309,18.4732,54.454,0,0,2,'2024-12-02 10:23:00'),(877,68.81,8.8426,140.378,6.99274,0.853268,22.7756,79.3919,0,0,2,'2024-12-02 11:23:00'),(878,54.7854,30.282,136.937,5.68195,1.52414,17.3901,57.339,0,0,2,'2024-12-02 12:23:00'),(879,86.9066,42.9724,92.9665,5.89803,0.576808,22.1794,75.1603,0,0,2,'2024-12-02 13:23:00'),(880,83.8684,31.6602,126.13,5.67096,0.801028,29.5655,53.4695,0,0,2,'2024-12-02 14:23:00'),(881,28.5713,26.8337,134.858,7.25474,0.884973,17.6275,55.0905,0,0,2,'2024-12-02 15:23:00'),(882,75.6759,21.1226,77.8995,5.95845,2.17722,24.4624,73.0163,0,0,2,'2024-12-02 16:23:00'),(883,83.0324,42.4358,77.6085,7.44013,0.719259,19.147,53.7071,0,0,2,'2024-12-02 17:23:00'),(884,71.6967,28.3298,127.155,5.61504,2.35507,16.548,67.3391,0,0,2,'2024-12-02 18:23:00'),(885,33.4061,34.9537,53.8111,5.9653,1.31563,28.4308,51.7405,0,0,2,'2024-12-02 19:23:00'),(886,72.7728,23.3993,97.739,6.36387,1.93054,18.7192,83.9413,0,0,2,'2024-12-02 20:23:00'),(887,25.4724,23.9868,124.114,7.11763,1.5282,15.1804,59.4491,0,0,2,'2024-12-02 21:23:00'),(888,86.5283,39.0303,104.367,7.06223,1.9405,25.5895,54.6918,0,0,2,'2024-12-02 22:23:00'),(889,12.2378,18.5553,60.4919,6.60762,0.882282,16.8177,76.9995,0,0,2,'2024-12-02 23:23:00'),(890,17.3987,38.6689,108.649,6.07015,1.21281,19.9388,79.7395,0,0,2,'2024-12-03 00:23:00'),(891,21.9738,25.5445,146.717,7.09811,1.72441,26.6872,61.1032,0,0,2,'2024-12-03 01:23:00'),(892,24.8139,26.5891,140.287,7.05541,2.02578,15.4408,83.7075,0,0,2,'2024-12-03 02:23:00'),(893,29.7908,9.42718,77.134,6.10399,1.2988,17.4314,70.4811,0,0,2,'2024-12-03 03:23:00'),(894,42.3157,32.1156,134.673,6.31229,1.90808,27.5835,84.7622,0,0,2,'2024-12-03 04:23:00'),(895,78.3557,41.6369,106.936,7.37344,1.57354,19.9774,77.9283,0,0,2,'2024-12-03 05:23:00'),(896,28.1401,28.3196,103.754,6.73431,2.45378,28.1257,50.3378,0,0,2,'2024-12-03 06:23:00'),(897,40.1731,38.0203,122.814,6.96452,1.59389,27.6488,54.3291,0,0,2,'2024-12-03 07:23:00'),(898,67.3963,25.9679,129.585,6.01391,0.571261,24.5254,77.8568,0,0,2,'2024-12-03 08:23:00'),(899,94.2282,12.4218,82.8287,5.62126,1.53362,17.7977,89.4914,0,0,2,'2024-12-03 09:23:00'),(900,86.6063,46.6707,126.583,7.00548,1.85714,20.0197,81.3227,0,0,2,'2024-12-03 10:23:00'),(901,96.8397,33.4155,127.401,7.01597,1.46311,26.6696,87.9316,0,0,2,'2024-12-03 11:23:00'),(902,82.6295,46.9112,114.058,5.94414,1.21725,27.6478,50.6506,0,0,2,'2024-12-03 12:23:00'),(903,20.4174,7.42509,91.2843,7.33555,0.941875,29.6312,53.7201,0,0,2,'2024-12-03 13:23:00'),(904,60.6776,46.8649,75.496,5.62412,1.32148,18.4097,81.5236,0,0,2,'2024-12-03 14:23:00'),(905,17.432,12.5292,78.785,6.76078,1.11607,20.0589,65.045,0,0,2,'2024-12-03 15:23:00'),(906,97.0845,40.6136,120.551,5.51462,1.13502,28.0421,54.9231,0,0,2,'2024-12-03 16:23:00'),(907,67.7554,16.1064,141.985,5.56211,0.51275,17.855,80.8301,0,0,2,'2024-12-03 17:23:00'),(908,49.8289,48.8711,106.631,5.79009,0.945987,24.9135,70.9439,0,0,2,'2024-12-03 18:23:00'),(909,68.0585,8.24713,114.655,7.26533,2.31756,29.8229,74.126,0,0,2,'2024-12-03 19:23:00'),(910,49.1713,27.5912,132.482,6.36992,1.6688,25.1771,61.5215,0,0,2,'2024-12-03 20:23:00'),(911,90.8844,31.2888,136.174,6.58932,0.960344,15.3187,71.0427,0,0,2,'2024-12-03 21:23:00'),(912,62.4126,29.5302,119.533,5.54825,1.77374,27.3542,62.8438,0,0,2,'2024-12-03 22:23:00'),(913,17.4492,7.98623,50.5514,6.52651,0.78754,22.9686,67.9031,0,0,2,'2024-12-03 23:23:00'),(914,43.915,7.29408,82.2106,7.46481,2.14338,27.115,52.6834,0,0,2,'2024-12-04 00:23:00'),(915,57.577,5.11154,105.17,6.40942,0.684456,16.0154,71.1909,0,0,2,'2024-12-04 01:23:00'),(916,17.1877,18.7212,94.0602,5.59327,0.515895,15.9592,71.8246,0,0,2,'2024-12-04 02:23:00'),(917,83.7865,36.761,77.6781,6.3925,1.45284,17.3197,50.8745,0,0,2,'2024-12-04 03:23:00'),(918,32.4568,10.6045,97.5656,6.47854,1.60503,20.4868,61.8082,0,0,2,'2024-12-04 04:23:00'),(919,40.23,41.0668,68.8874,6.21794,1.11868,18.9586,87.641,0,0,2,'2024-12-04 05:23:00'),(920,22.4034,27.4123,144.695,6.35442,1.81841,25.5301,82.985,0,0,2,'2024-12-04 06:23:00'),(921,26.6982,20.0538,126.612,5.89051,1.41085,19.4842,66.7981,0,0,2,'2024-12-04 07:23:00'),(922,80.9825,48.162,63.7684,7.19774,1.25923,23.0108,71.7405,0,0,2,'2024-12-04 08:23:00'),(923,28.8411,20.7498,57.2066,7.14239,1.36102,23.8148,78.6488,0,0,2,'2024-12-04 09:23:00'),(924,78.0819,45.5462,103.135,5.60524,2.41843,25.5165,64.8347,0,0,2,'2024-12-04 10:23:00'),(925,41.0135,39.6425,100.019,6.39119,1.77813,17.8351,84.5324,0,0,2,'2024-12-04 11:23:00'),(926,78.466,41.2884,129.974,7.36955,2.15313,24.8845,52.024,0,0,2,'2024-12-04 12:23:00'),(927,30.1037,11.6105,91.9146,7.41049,2.20495,28.2109,62.0891,0,0,2,'2024-12-04 13:23:00'),(928,72.071,9.62867,110.765,6.33038,1.07641,17.4507,73.7287,0,0,2,'2024-12-04 14:23:00'),(929,37.6703,24.4443,109.583,6.37379,2.21251,26.2475,76.4549,0,0,2,'2024-12-04 15:23:00'),(930,78.6596,30.219,79.6709,6.29078,1.40682,28.8306,65.2907,0,0,2,'2024-12-04 16:23:00'),(931,60.39,49.4725,127.733,6.56156,1.38168,22.6656,69.0347,0,0,2,'2024-12-04 17:23:00'),(932,72.5389,45.9398,116.714,5.64185,1.16537,26.1955,64.9069,0,0,2,'2024-12-04 18:23:00'),(933,43.9682,36.094,56.4082,6.50652,0.725507,17.8761,76.6751,0,0,2,'2024-12-04 19:23:00'),(934,13.679,16.0527,84.826,5.5947,1.31806,24.5067,69.0787,0,0,2,'2024-12-04 20:23:00'),(935,23.8199,26.1429,69.9886,6.5894,0.867512,22.4843,76.5013,0,0,2,'2024-12-04 21:23:00'),(936,51.866,25.5871,80.7564,6.78529,0.558193,16.0786,56.7647,0,0,2,'2024-12-04 22:23:00'),(937,35.51,13.8443,136.878,5.51241,1.73105,25.5882,69.5279,0,0,2,'2024-12-04 23:23:00'),(938,57.1586,29.6198,70.3215,6.96913,0.57484,29.17,69.9858,0,0,2,'2024-12-05 00:23:00'),(939,37.9461,22.0759,124.656,6.85812,1.7288,18.188,62.2306,0,0,2,'2024-12-05 01:23:00'),(940,37.5401,19.7243,77.7913,5.80224,1.55427,19.1521,56.3687,0,0,2,'2024-12-05 02:23:00'),(941,62.3952,22.8631,118.788,6.74261,1.36117,15.9692,57.9399,0,0,2,'2024-12-05 03:23:00'),(942,46.7479,23.1033,69.1083,7.40794,2.27299,29.6698,82.2608,0,0,2,'2024-12-05 04:23:00'),(943,56.6115,15.8436,146.613,7.07051,0.637891,15.2061,72.955,0,0,2,'2024-12-05 05:23:00'),(944,13.6114,30.382,71.6334,6.20665,0.856865,23.2204,77.3231,0,0,2,'2024-12-05 06:23:00'),(945,88.5521,33.4642,101.166,7.15046,2.44402,22.4693,62.7677,0,0,2,'2024-12-05 07:23:00'),(946,46.0643,48.689,127.316,7.04094,1.86095,15.8576,81.792,0,0,2,'2024-12-05 08:23:00'),(947,67.5864,7.96752,142.957,7.00273,2.22657,19.856,67.9586,0,0,2,'2024-12-05 09:23:00'),(948,94.3577,48.5672,149.04,6.0869,2.35388,27.5591,78.103,0,0,2,'2024-12-05 10:23:00'),(949,25.8166,42.3652,110.326,5.62543,2.47792,18.4532,83.4853,0,0,2,'2024-12-05 11:23:00'),(950,27.5244,8.53282,144.542,5.75887,1.11022,26.8906,58.0277,0,0,2,'2024-12-05 12:23:00'),(951,18.4111,28.0856,91.4412,6.18177,1.37072,16.4201,51.6696,0,0,2,'2024-12-05 13:23:00'),(952,77.1137,6.50435,95.5101,6.86609,1.75231,19.9249,71.0932,0,0,2,'2024-12-05 14:23:00'),(953,14.3928,19.0679,115.84,6.70817,0.925909,17.9695,53.3786,0,0,2,'2024-12-05 15:23:00'),(954,37.1759,20.0652,130.769,5.58391,1.08765,24.5778,52.5264,0,0,2,'2024-12-05 16:23:00'),(955,34.0899,39.9059,96.5091,6.80507,2.30344,19.6751,61.7685,0,0,2,'2024-12-05 17:23:00'),(956,64.2735,14.9467,99.1975,6.79349,0.890911,17.4093,50.3042,0,0,2,'2024-12-05 18:23:00'),(957,69.2582,47.8228,86.9274,7.40182,0.777992,25.9214,78.5752,0,0,2,'2024-12-05 19:23:00'),(958,39.5722,38.0784,68.4852,6.76515,0.544091,22.288,52.2366,0,0,2,'2024-12-05 20:23:00'),(959,81.9279,7.25472,145.337,7.26025,0.925647,16.8586,62.5552,0,0,2,'2024-12-05 21:23:00'),(960,89.9353,18.265,135.732,5.55552,1.57211,23.3112,76.9437,0,0,2,'2024-12-05 22:23:00'),(961,64.3322,34.391,129.939,7.20902,2.26555,27.7122,71.5275,0,0,2,'2024-12-05 23:23:00'),(962,38.0141,48.2997,97.5607,7.35592,1.38502,23.7693,51.3932,0,0,2,'2024-12-06 00:23:00'),(963,39.6833,7.75391,58.9416,6.12564,0.971686,21.4687,73.3856,0,0,2,'2024-12-06 01:23:00'),(964,46.2413,46.6903,63.0778,6.11083,1.94958,16.0185,64.7427,0,0,2,'2024-12-06 02:23:00'),(965,64.9125,7.91969,80.1447,6.16538,0.812242,27.5436,79.8826,0,0,2,'2024-12-06 03:23:00'),(966,37.8039,41.4377,88.1972,5.56552,0.575873,24.821,54.7408,0,0,2,'2024-12-06 04:23:00'),(967,21.5421,15.4492,112.12,7.13072,2.31015,16.5628,80.9628,0,0,2,'2024-12-06 05:23:00'),(968,38.0182,47.9393,52.2854,6.31449,2.1488,28.4818,62.2593,0,0,2,'2024-12-06 06:23:00'),(969,14.2651,29.6163,128.098,6.09827,2.04158,17.9619,87.7126,0,0,2,'2024-12-06 07:23:00'),(970,70.4356,48.6166,142.839,6.75444,1.60564,18.4784,74.3516,0,0,2,'2024-12-06 08:23:00'),(971,67.9572,38.5632,112.384,5.94834,0.595993,20.5626,85.2476,0,0,2,'2024-12-06 09:23:00'),(972,52.3933,14.8888,56.2041,6.15945,1.55676,15.5773,53.8262,0,0,2,'2024-12-06 10:23:00'),(973,54.564,17.3528,137.811,6.47286,1.44541,28.6444,66.9799,0,0,2,'2024-12-06 11:23:00'),(974,48.6011,24.0579,73.4337,6.7947,1.71629,15.0086,56.9714,0,0,2,'2024-12-06 12:23:00'),(975,98.1441,19.1899,96.3943,6.42706,1.16691,29.6672,75.3191,0,0,2,'2024-12-06 13:23:00'),(976,88.2925,40.9086,132.179,6.12324,1.51498,19.0879,79.6563,0,0,2,'2024-12-06 14:23:00'),(977,98.6351,36.2745,108.132,6.3661,0.531465,19.3211,58.961,0,0,2,'2024-12-06 15:23:00'),(978,19.9128,33.2425,64.4192,6.8845,2.39989,19.0315,57.0982,0,0,2,'2024-12-06 16:23:00'),(979,59.8665,8.34942,135.98,6.72659,0.782977,29.5593,57.5941,0,0,2,'2024-12-06 17:23:00'),(980,52.4022,14.1261,90.039,6.16308,0.912583,28.3712,64.7771,0,0,2,'2024-12-06 18:23:00'),(981,77.0585,33.0709,53.1689,7.12449,0.95426,21.2235,51.1433,0,0,2,'2024-12-06 19:23:00'),(982,73.8285,15.2034,104.177,5.57362,1.48184,17.3237,76.1971,0,0,2,'2024-12-06 20:23:00'),(983,12.8518,16.4207,122.788,5.91213,0.982593,26.0484,56.3248,0,0,2,'2024-12-06 21:23:00'),(984,41.871,45.714,55.7612,5.90249,2.02626,17.0092,72.4927,0,0,2,'2024-12-06 22:23:00'),(985,47.8999,37.6334,113.045,6.15829,2.41638,18.3654,77.1616,0,0,2,'2024-12-06 23:23:00'),(986,59.2507,48.2902,71.1799,6.41249,2.37663,18.0207,61.6585,0,0,2,'2024-12-07 00:23:00'),(987,19.3907,13.5446,59.0147,6.32105,2.49706,24.6131,57.2367,0,0,2,'2024-12-07 01:23:00'),(988,14.2609,13.9973,110.426,6.87752,1.33504,26.6203,77.2778,0,0,2,'2024-12-07 02:23:00'),(989,53.8584,37.2896,94.1008,6.54611,1.37861,23.8795,83.9984,0,0,2,'2024-12-07 03:23:00'),(990,94.6003,48.5085,120.004,6.14003,2.13565,27.1648,51.8436,0,0,2,'2024-12-07 04:23:00'),(991,35.3816,33.3428,65.7092,6.73548,1.69171,29.7469,85.2287,0,0,2,'2024-12-07 05:23:00'),(992,13.2571,35.0707,122.462,6.34259,0.780205,23.0798,52.0816,0,0,2,'2024-12-07 06:23:00'),(993,24.1683,17.1428,116.955,6.99938,1.29103,16.6438,63.4675,0,0,2,'2024-12-07 07:23:00'),(994,67.0492,6.23555,120.233,5.87629,1.33848,18.6827,61.9636,0,0,2,'2024-12-07 08:23:00'),(995,79.4067,15.5724,147.934,5.76236,0.872843,17.6366,74.0899,0,0,2,'2024-12-07 09:23:00'),(996,61.0412,29.3143,63.5424,5.5011,1.36847,27.4173,56.4765,0,0,2,'2024-12-07 10:23:00'),(997,89.2879,11.5932,118.779,7.35397,2.1027,26.347,70.223,0,0,2,'2024-12-07 11:23:00'),(998,43.8415,23.4434,123.307,6.2093,1.484,23.9812,85.0407,0,0,2,'2024-12-07 12:23:00'),(999,47.8066,5.03227,132.578,6.43812,0.69735,18.0924,70.4457,0,0,2,'2024-12-07 13:23:00'),(1000,59.0399,10.8734,136.608,5.50961,1.28367,18.4138,67.972,0,0,2,'2024-12-07 14:23:00'),(1447,43,146,139,5.2,392,26.5,34.5,215,196,7,'2024-12-01 19:08:06'),(1448,41,141,134,5.6,382,26.2,38.3,210,191,7,'2024-12-01 21:00:24'),(1449,39,136,129,5.8,372,25.3,33.4,204,186,7,'2024-12-02 00:18:50'),(1450,37,133,126,6.1,365,24.7,35.9,200,182,7,'2024-12-02 00:51:41'),(1451,37,132,125,6,364,24.6,34.9,200,182,7,'2024-12-02 01:00:29'),(1452,37,132,125,6,364,24.6,35.4,200,182,7,'2024-12-02 01:01:29'),(1453,37,132,125,6,364,24.6,32.7,200,182,7,'2024-12-02 01:02:29'),(1454,37,132,125,6,364,24.6,36.5,200,182,7,'2024-12-02 01:03:30'),(1455,37,132,125,6,364,24.6,32.7,200,182,7,'2024-12-02 01:04:30'),(1456,37,132,125,6,363,24.5,33,199,181,7,'2024-12-02 01:05:30'),(1457,37,132,125,5.8,364,24.5,33.8,200,182,7,'2024-12-02 01:06:30'),(1458,37,132,125,5.9,364,24.5,35.1,200,182,7,'2024-12-02 01:07:31'),(1459,37,132,125,5.9,363,24.5,32.8,199,181,7,'2024-12-02 01:08:31'),(1460,37,132,125,5.9,363,24.5,36.5,199,181,7,'2024-12-02 01:09:31'),(1461,37,132,125,5.9,363,24.4,35.2,199,181,7,'2024-12-02 01:10:32'),(1462,37,132,125,5.9,363,24.4,33.8,199,181,7,'2024-12-02 01:11:32'),(1463,37,132,125,5.9,363,24.4,35.3,199,181,7,'2024-12-02 01:12:32'),(1464,37,132,125,5.9,363,24.4,33,199,181,7,'2024-12-02 01:13:32'),(1465,37,131,124,6,362,24.4,34.6,199,181,7,'2024-12-02 01:14:33'),(1466,37,132,125,5.8,363,24.4,33.7,199,181,7,'2024-12-02 01:15:33'),(1467,27,110,102,3.8,317,25.5,28,174,158,7,'2024-12-02 20:58:11'),(1468,27,110,102,3.7,317,25.5,27.4,174,158,7,'2024-12-02 21:08:11'),(1469,27,110,102,3.9,317,25.5,29.2,174,158,7,'2024-12-02 21:18:12'),(1470,27,110,102,4.4,317,25.6,28.9,174,158,7,'2024-12-02 21:28:12'),(1471,40,140,133,3.4,379,24.5,38.8,208,189,7,'2024-12-02 21:38:13'),(1472,37,133,126,3.3,366,24.7,35.8,201,183,7,'2024-12-02 21:48:13'),(1473,36,130,123,3.7,359,24.9,35.5,197,179,7,'2024-12-02 21:58:14'),(1474,35,128,121,3.2,355,25.1,33.4,195,177,7,'2024-12-02 22:08:14'),(1475,35,127,119,3.8,352,25.2,34.5,193,176,7,'2024-12-02 22:18:15'),(1476,34,125,118,3.3,349,25.3,35.2,191,174,7,'2024-12-02 22:28:15'),(1477,33,124,117,3.5,347,25.3,33.6,190,173,7,'2024-12-02 22:38:16'),(1478,33,124,117,3.7,347,25.4,35.5,190,173,7,'2024-12-02 22:48:16'),(1479,33,123,116,4.1,345,25.4,35.1,189,172,7,'2024-12-02 22:58:17'),(1480,33,122,115,4,343,25.4,35.4,188,171,7,'2024-12-02 23:08:17'),(1481,32,121,114,4,341,25.5,31,187,170,7,'2024-12-02 23:18:18'),(1482,32,120,113,3.6,339,25.4,34,186,169,7,'2024-12-02 23:28:18'),(1483,32,120,113,3,338,25.3,32.4,185,169,7,'2024-12-02 23:38:19'),(1484,31,119,112,3.2,336,25.1,32.4,184,168,7,'2024-12-02 23:48:19'),(1485,31,118,111,4.1,334,24.9,33.6,183,167,7,'2024-12-02 23:58:20'),(1486,30,117,110,3.9,332,24.7,32,182,166,7,'2024-12-03 00:08:21'),(1487,30,116,109,4.1,331,24.5,33.8,182,165,7,'2024-12-03 00:18:22'),(1488,30,116,109,4.1,330,24.3,34.5,181,165,7,'2024-12-03 00:28:22'),(1489,31,119,112,7.5,336,24,31.4,184,168,7,'2024-12-03 19:24:23'),(1490,31,119,112,7.6,336,24,33.2,184,168,7,'2024-12-03 19:34:23'),(1491,31,119,112,7.6,336,24,29.9,184,168,7,'2024-12-03 19:44:24'),(1492,31,119,112,7.6,336,24,29.8,184,168,7,'2024-12-03 19:54:24'),(1493,31,119,112,7.6,336,24.1,31.5,184,168,7,'2024-12-03 20:04:24'),(1494,31,119,112,7.4,336,24.1,29.8,184,168,7,'2024-12-03 20:14:25'),(1495,31,119,112,7.6,337,24.1,29.6,185,168,7,'2024-12-03 20:24:26'),(1496,31,119,112,7.6,337,24.1,30.4,185,168,7,'2024-12-03 20:34:26'),(1497,31,119,112,7.7,337,24.1,29.8,185,168,7,'2024-12-03 20:44:27'),(1498,31,119,112,7.7,337,24.2,32.2,185,168,7,'2024-12-03 20:54:27'),(1499,32,120,113,7.7,338,24.2,29.8,185,169,7,'2024-12-03 21:04:28'),(1500,32,120,113,7.7,338,24.2,32.4,185,169,7,'2024-12-03 21:14:28'),(1501,32,120,113,7.7,338,24.3,32.4,185,169,7,'2024-12-03 21:24:29'),(1502,32,120,113,7.7,338,24.3,31.2,185,169,7,'2024-12-03 21:34:29'),(1503,32,120,113,7.8,338,24.3,32.3,185,169,7,'2024-12-03 21:44:30'),(1504,32,120,113,7.7,338,24.3,29.5,185,169,7,'2024-12-03 21:54:30'),(1505,38,135,128,4.5,369,23.6,36.8,202,184,7,'2024-12-03 22:04:31'),(1506,36,131,124,4.4,361,23.6,35.3,198,180,7,'2024-12-03 22:14:31'),(1507,35,128,121,4.8,356,23.7,35,195,178,7,'2024-12-03 22:24:32'),(1508,35,127,120,5,353,23.8,37.7,194,176,7,'2024-12-03 22:34:32'),(1509,34,126,118,5.8,350,23.9,35.3,192,175,7,'2024-12-03 22:44:33'),(1510,33,124,117,5.9,347,24,36.6,190,173,7,'2024-12-03 22:54:33'),(1511,100,7000,10,6.5,300,25,80,150,200,8,'2024-12-04 01:58:34'),(1512,100,7000,10,6.5,300,25,80,150,200,8,'2024-12-04 02:08:34'),(1513,33,124,117,6,346,24.1,36.9,190,173,7,'2024-12-03 23:04:34'),(1514,33,123,116,6.2,344,24.1,37.2,189,172,7,'2024-12-03 23:14:34'),(1515,33,122,115,6.2,343,24.2,33.7,188,171,7,'2024-12-03 23:24:35'),(1516,32,121,114,6.1,341,24.2,37.5,187,170,7,'2024-12-03 23:34:36'),(1517,32,120,113,5.2,338,24.1,33.8,185,169,7,'2024-12-03 23:44:36'),(1518,31,119,112,5.9,336,23.9,37.5,184,168,7,'2024-12-03 23:54:37'),(1519,31,118,111,6.3,335,23.8,32.8,184,167,7,'2024-12-04 00:04:38'),(1520,31,118,111,5.3,334,23.7,33.7,183,167,7,'2024-12-04 00:14:38'),(1521,30,117,110,6,332,23.5,33.5,182,166,7,'2024-12-04 00:24:39');
/*!40000 ALTER TABLE `tb_measures` ENABLE KEYS */;
UNLOCK TABLES;

--
-- Table structure for table `tb_users`
--

DROP TABLE IF EXISTS `tb_users`;
/*!40101 SET @saved_cs_client     = @@character_set_client */;
/*!50503 SET character_set_client = utf8mb4 */;
CREATE TABLE `tb_users` (
  `id` int NOT NULL AUTO_INCREMENT,
  `username` varchar(255) DEFAULT NULL,
  `password` varchar(255) NOT NULL,
  `email` varchar(255) NOT NULL,
  `role` varchar(50) DEFAULT NULL,
  PRIMARY KEY (`id`)
) ENGINE=InnoDB AUTO_INCREMENT=4 DEFAULT CHARSET=utf8mb4 COLLATE=utf8mb4_0900_ai_ci;
/*!40101 SET character_set_client = @saved_cs_client */;

--
-- Dumping data for table `tb_users`
--

LOCK TABLES `tb_users` WRITE;
/*!40000 ALTER TABLE `tb_users` DISABLE KEYS */;
INSERT INTO `tb_users` VALUES (1,'pio','$2b$10$KIXP58wZ6oxzHzg.QUNdTu3yHQ1Ov01Qfl9cn5iGFM2F4FAaJlNxi','pio@p.com','admin'),(2,NULL,'$2b$10$d9ovnBgiQg1Rj3UIV6mlo.Fjyy71Xq787jxe/STvb0Fq8G2qdlAGS','admin@gmail.com','user'),(3,NULL,'$2b$10$5VIG3kBLhHg2uSmDG/kXmOiCFdN4sgYtpXwVuWVqE9wa1HEnPxBNy','teste@123.com','admin');
/*!40000 ALTER TABLE `tb_users` ENABLE KEYS */;
UNLOCK TABLES;
/*!40103 SET TIME_ZONE=@OLD_TIME_ZONE */;

/*!40101 SET SQL_MODE=@OLD_SQL_MODE */;
/*!40014 SET FOREIGN_KEY_CHECKS=@OLD_FOREIGN_KEY_CHECKS */;
/*!40014 SET UNIQUE_CHECKS=@OLD_UNIQUE_CHECKS */;
/*!40101 SET CHARACTER_SET_CLIENT=@OLD_CHARACTER_SET_CLIENT */;
/*!40101 SET CHARACTER_SET_RESULTS=@OLD_CHARACTER_SET_RESULTS */;
/*!40101 SET COLLATION_CONNECTION=@OLD_COLLATION_CONNECTION */;
/*!40111 SET SQL_NOTES=@OLD_SQL_NOTES */;

-- Dump completed on 2024-12-11  1:13:53
